"수행기관","구군명","사업구분","사업명","사업주요활동내용","사업시작일","사업종료일","인원(명)","전화번호","데이터기준일자"
"파랑새종합사회복지관","부산광역시 해운대구","사회서비스형","지역아동센터지원","지역아동센터 종사자 업무보조, 이용아동 급식보조 및 환경정비활동 등","2020-02-01","2020-12-31","32","051-545-0115","2020-12-31"
"영진종합사회복지관","부산광역시 해운대구","공익활동","노노케어","취약노인가정 방문 말벗, 안부확인, 생활실태점검 등","2020-01-01","2020-12-31","50","051-529-0005","2020-12-31"
"영진종합사회복지관","부산광역시 해운대구","공익활동","이웃지킴이","홀몸노인 가정방문, 조사","2020-01-01","2020-12-31","20","051-529-0005","2020-12-31"
"영진종합사회복지관","부산광역시 해운대구","공익활동","아이환경보듬이","유아교육(보육)기관 청소 등 환경관리","2020-01-01","2020-12-31","20","051-529-0005","2020-12-31"
"영진종합사회복지관","부산광역시 해운대구","공익활동","여가강사파견","운동, 전통, 취미 등 교육활동","2020-01-01","2020-12-31","4","051-529-0005","2020-12-31"
"영진종합사회복지관","부산광역시 해운대구","공익활동","교육강사파견","유아교육기관에서 운동, 전통, 취미 등 교육활동","2020-01-01","2020-12-31","18","051-529-0005","2020-12-31"
"영진종합사회복지관","부산광역시 해운대구","공익활동","파트타임보육도우미","지역아동센터 가사 및 배식지원","2020-01-01","2020-12-31","20","051-529-0005","2020-12-31"
"부산해운대시니어클럽","부산광역시 해운대구","사회서비스형","아동시설지원사업","보육교사 보조 및 시설 환경미화, 아동 인성과 예절 지도 교육","2020-02-01","2020-12-31","19","051-784-9141","2020-12-31"
"부산해운대시니어클럽","부산광역시 해운대구","사회서비스형","노인시설지원사업","해운대구 재가노인복지센터 요양보호사 보조 및 시설 환경미화 활동","2020-02-01","2020-12-31","11","051-784-9141","2020-12-31"
"부산해운대시니어클럽","부산광역시 해운대구","사회서비스형","소방안전시설설치사업","해운대구 취약계층 소방안전시설 설치, 홍보, 전수조사 등","2020-02-01","2020-12-31","8","051-784-9141","2020-12-31"
"부산해운대시니어클럽","부산광역시 해운대구","사회서비스형","시니어 안심생활방역단","해운대구 내 버스정류장, 공원 및 체육시설 등 공공시설 방역 및 소독","2020-02-01","2020-12-31","10","051-784-9141","2020-12-31"
"부산해운대시니어클럽","부산광역시 해운대구","시장형","공동작업장사업1호","전자제품?자동차 부품조립, 종이가방 제작, 해초샐러드?다시팩 포장","2020-01-01","2020-12-31","274","051-784-9141","2020-12-31"
"부산해운대시니어클럽","부산광역시 해운대구","시장형","공동작업장사업2호","전자제품?자동차 부품조립, 종이가방 제작, 해초샐러드?다시팩 포장","2020-01-01","2020-12-31","252","051-784-9141","2020-12-31"
"부산해운대시니어클럽","부산광역시 해운대구","시장형","스쿨존안전지킴이","학교주변 교통정리 및 순찰, 안전지도 등","2020-01-01","2020-12-31","55","051-784-9141","2020-12-31"
"부산해운대시니어클럽","부산광역시 해운대구","시장형","다이나믹6070택배1호","아파트 내 택배 배송 및 반품 활동","2020-01-01","2020-12-31","40","051-784-9141","2020-12-31"
"해운대구청(노인장애인복지과)","부산광역시 해운대구","공익활동","재활용품선별작업단","재활용품 선별작업","2020-01-01","2020-12-31","10","051-749-6201","2020-12-31"
"해운대구청(노인장애인복지과)","부산광역시 해운대구","공익활동","동물보호홍보단","동물보호 홍보활동(홍보물 배부) 및 펫티켓 안내","2020-01-01","2020-12-31","30","051-749-6201","2020-12-31"
"해운대구청(노인장애인복지과)","부산광역시 해운대구","사회서비스형","노인일자리안전관리원","노인일자리 공익활동 참여자 근무활동 관리 및 안전사고 예방활동, 안전교육 등","2020-02-01","2020-12-31","18","051-749-6201","2020-12-31"
"어진샘노인종합사회복지관","부산광역시 해운대구","공익활동","노노케어","취약노인가정 방문 말벗, 안부확인, 생활실태점검 등","2020-01-01","2020-12-31","90","051-784-8008","2020-12-31"
"파랑새종합사회복지관","부산광역시 해운대구","공익활동","공공및복지시설봉사","공공 및 복지시설, 경로당 환경정비 등 시설관리 지원","2020-01-01","2020-12-31","105","051-545-0115","2020-12-31"
"파랑새종합사회복지관","부산광역시 해운대구","공익활동","보육시설봉사","보육시설 환경정비, 급식보조 등 보육교사 업무보조","2020-01-01","2020-12-31","75","051-545-0115","2020-12-31"
"파랑새종합사회복지관","부산광역시 해운대구","공익활동","지역환경개선봉사","주택 밀집지역 주거환경 정비 및 환경개선 캠페인, 석대천 생태환경 정화 및 환경보호 캠페인","2020-01-01","2020-12-31","70","051-545-0115","2020-12-31"
"파랑새종합사회복지관","부산광역시 해운대구","사회서비스형","노인시설지원","노인주간보호센터 종사자 업무보조, 이용자 활동보조 등","2020-02-01","2020-12-31","3","051-545-0115","2020-12-31"
"파랑새종합사회복지관","부산광역시 해운대구","사회서비스형","한부모시설지원","한부모시설 아이돌봄 보조, 시설 환경정비 등","2020-02-01","2020-12-31","15","051-545-0115","2020-12-31"
"운봉종합사회복지관","부산광역시 해운대구","사회서비스형","사회서비스형-맞돌","노인맞춤돌봄서비스 보조","2020-02-01","2020-12-31","22","051-543-2431","2020-12-31"
"운봉종합사회복지관","부산광역시 해운대구","사회서비스형","사회서비스형-장주","장애인주간보호센터 시설 보조","2020-02-01","2020-12-31","18","051-543-2431","2020-12-31"
"반송종합사회복지관","부산광역시 해운대구","공익활동","공유공간도우미","작은 복지관 내 보조업무 및 환경정비","2020-01-01","2020-12-31","10","051-544-8006","2020-12-31"
"반송종합사회복지관","부산광역시 해운대구","공익활동","노노케어","취약노인가정 방문 말벗, 안부확인, 생활실태점검 등","2020-01-01","2020-12-31","40","051-544-8006","2020-12-31"
"반송종합사회복지관","부산광역시 해운대구","공익활동","실버환경도우미","공원 및 공공시설 주변정리 및 관리","2020-01-01","2020-12-31","60","051-544-8006","2020-12-31"
"반송종합사회복지관","부산광역시 해운대구","공익활동","토이클리너","장난감도서관 및 어린이집 장난감 세척","2020-01-01","2020-12-31","16","051-544-8006","2020-12-31"
"반송종합사회복지관","부산광역시 해운대구","공익활동","아이사랑보육지원단","보육시설 환경정비, 보육교사 업무보조","2020-01-01","2020-12-31","10","051-544-8006","2020-12-31"
"반송종합사회복지관","부산광역시 해운대구","공익활동","반송사랑방역지원단","취약계층 및 시설 방역 실시","2020-01-01","2020-12-31","54","051-544-8006","2020-12-31"
"반석종합사회복지관","부산광역시 해운대구","공익활동","노노케어","취약노인가정 방문 말벗, 안부확인, 생활실태점검 등","2020-01-01","2020-12-31","46","051-542-0196","2020-12-31"
"반석종합사회복지관","부산광역시 해운대구","공익활동","지역사회 환경개선봉사","거리환경 청결 및 거리안전 유지활동","2020-01-01","2020-12-31","60","051-542-0196","2020-12-31"
"반석종합사회복지관","부산광역시 해운대구","공익활동","보육시설봉사","보육시설 교구정리 및 환경정비, 보육교사 업무보조","2020-01-01","2020-12-31","22","051-542-0196","2020-12-31"
"반석종합사회복지관","부산광역시 해운대구","공익활동","공공의료 및 복지시설봉사","복지기관 환경정비, 경로식당 음식조리보조 및 입소자 자녀(아기) 돌봄","2020-01-01","2020-12-31","45","051-542-0196","2020-12-31"
"반석종합사회복지관","부산광역시 해운대구","공익활동","똑똑똑지킴이","고독사 예방 및 고독사 위험 노인 발굴, 관리","2020-01-01","2020-12-31","17","051-542-0196","2020-12-31"
"반여종합사회복지관","부산광역시 해운대구","공익활동","노노케어사업","취약노인가정 방문 말벗, 안부확인, 생활실태점검 등","2020-01-01","2020-12-31","70","051-784-0552","2020-12-31"
"반여종합사회복지관","부산광역시 해운대구","공익활동","세대공감놀이터","본 복지관 방문 청소년(아동, 유아 등) 안전한 환경 마련, 1세대와 3세대 간 정서적 유대감 형성, 환경정비","2020-01-01","2020-12-31","12","051-784-0552","2020-12-31"
"반여종합사회복지관","부산광역시 해운대구","공익활동","지역아동센터봉사","지역아동센터 환경정비 및 급식 지원","2020-01-01","2020-12-31","30","051-784-0552","2020-12-31"
"반여종합사회복지관","부산광역시 해운대구","공익활동","보육시설봉사","어린이집 활동물품 점검 및 장난감 세척","2020-01-01","2020-12-31","50","051-784-0552","2020-12-31"
"반여종합사회복지관","부산광역시 해운대구","공익활동","급식보조사업단","복지관 무료급식 대상자 급식 지원 및 보조","2020-01-01","2020-12-31","12","051-784-0552","2020-12-31"
"반여종합사회복지관","부산광역시 해운대구","공익활동","고독사예방 네트워크안전망","고독사 위험군 가정방문, 안부확인 및 관리","2020-01-01","2020-12-31","16","051-784-0552","2020-12-31"
"장산노인복지관","부산광역시 해운대구","공익활동","노노케어사업단","취약노인가정 방문 말벗, 안부확인, 생활실태점검 등","2020-01-01","2020-12-31","60","051-704-9141","2020-12-31"
"장산노인복지관","부산광역시 해운대구","공익활동","보육시설 도우미사업단","보육시설 업무보조 및 환경미화, 영유아 보육보조","2020-01-01","2020-12-31","140","051-704-9141","2020-12-31"
"장산노인복지관","부산광역시 해운대구","공익활동","환경지킴이사업단","환경개선 활동","2020-01-01","2020-12-31","85","051-704-9141","2020-12-31"
"장산노인복지관","부산광역시 해운대구","공익활동","장난감청결사업단","어린이집, 유치원 교구 및 장난감 소독","2020-01-01","2020-12-31","21","051-704-9141","2020-12-31"
"장산노인복지관","부산광역시 해운대구","공익활동","지역아동센터 도우미사업단","지역아동센터 종사자 업무보조, 시설 환경미화 및 급식보조","2020-01-01","2020-12-31","40","051-704-9141","2020-12-31"
"영진종합사회복지관","부산광역시 해운대구","공익활동","실버지킴이","교육(복지)시설 청소, 안전점검 등 환경관리","2020-01-01","2020-12-31","58","051-529-0005","2020-12-31"
"영진종합사회복지관","부산광역시 해운대구","사회서비스형","영진장기요양도우미","장기요양보험 수급자를 대상으로 전자태그(비콘) 부착상태 확인 및 복지용구 제도 안내","2020-02-01","2020-12-31","10","051-529-0005","2020-12-31"
"영진종합사회복지관","부산광역시 해운대구","사회서비스형","영진시설도우미","노인시설(기관) 청소 등 환경정비","2020-02-01","2020-12-31","10","051-529-0005","2020-12-31"
"해운대구청(노인장애인복지과)","부산광역시 해운대구","공익활동","안전하굣길순찰단","하교시간대 학교주변 및 관내 근린공원 등 우범지역 순찰","2020-01-01","2020-12-31","36","051-749-6201","2020-12-31"
"해운대구청(노인장애인복지과)","부산광역시 해운대구","공익활동","어메니티환경정비단","골목 및 공원 환경정비, 가로수 주변 담배꽁초 등 쓰레기 수거, 불법광고물 수거, 쓰레기 불법투기 지도순찰","2020-01-01","2020-12-31","312","051-749-6201","2020-12-31"
"어진샘노인종합사회복지관","부산광역시 해운대구","공익활동","경륜전수활동","교안작성, 교재 및 교구준비, 수업진행 , 학습지도 등","2020-01-01","2020-12-31","20","051-784-8008","2020-12-31"
"어진샘노인종합사회복지관","부산광역시 해운대구","공익활동","건강체조 취미생활지도","경로당 등에서 요가, 취미, 단전호흡 등 교육","2020-01-01","2020-12-31","12","051-784-8008","2020-12-31"
"어진샘노인종합사회복지관","부산광역시 해운대구","공익활동","도서관봉사","도서 정리, 업무보조 등","2020-01-01","2020-12-31","10","051-784-8008","2020-12-31"
"어진샘노인종합사회복지관","부산광역시 해운대구","공익활동","복지시설봉사","시설 내 쓰레기운반 및 분리수거, 식사지원, 환경정비, 안전관리","2020-01-01","2020-12-31","60","051-784-8008","2020-12-31"
"어진샘노인종합사회복지관","부산광역시 해운대구","공익활동","지역사회 환경개선봉사","주거환경 및 생태환경 등 정화 업무, 전통시장 환경정비 및 장애물 처리 등 안전사고 방지","2020-01-01","2020-12-31","28","051-784-8008","2020-12-31"
"영진종합사회복지관","부산광역시 해운대구","사회서비스형","영진맞춤돌보미","노인맞춤돌봄서비스 수행기관 업무보조","2020-02-01","2020-12-31","10","051-529-0005","2020-12-31"
"운봉종합사회복지관","부산광역시 해운대구","공익활동","노노케어","취약노인가정 방문 말벗, 안부확인, 생활실태점검 등","2020-01-01","2020-12-31","63","051-543-2431","2020-12-31"
"운봉종합사회복지관","부산광역시 해운대구","공익활동","운봉지킴이","고독사 위험군 독거어르신 발굴 및 관리","2020-01-01","2020-12-31","17","051-543-2431","2020-12-31"
"운봉종합사회복지관","부산광역시 해운대구","공익활동","복지시설도우미","주공관리사무소 텃밭?화단 관리, 경로당 관리, 배식지원","2020-01-01","2020-12-31","40","051-543-2431","2020-12-31"
"운봉종합사회복지관","부산광역시 해운대구","공익활동","지하철안전지킴이","무임승차?안전사고 예방업무, 지리, 교통 및 자동화기기사용 안내","2020-01-01","2020-12-31","70","051-543-2431","2020-12-31"
"부산해운대시니어클럽","부산광역시 해운대구","시장형","다이나믹6070택배2호","아파트 내 택배 배송 및 반품 활동","2020-01-01","2020-12-31","40","051-784-9141","2020-12-31"
"부산해운대시니어클럽","부산광역시 해운대구","시장형","초등학교급식도우미","급식 배식보조 및 식사예절 지도, 급식소 내외 환경정리 등","2020-01-01","2020-12-31","16","051-784-9141","2020-12-31"
"부산해운대시니어클럽","부산광역시 해운대구","시장형","교육청학교지원사업","공립학교 도색, 조경관리, 배수로 청소 등","2020-01-01","2020-12-31","15","051-784-9141","2020-12-31"
"해운대구장애인복지관","부산광역시 해운대구","공익활동","지역환경개선봉사단","길거리 환경정리, 쓰레기 무단 투기 방지 계도 활동 지역주민 안전관리","2020-01-01","2020-12-31","80","051-521-5200","2020-12-31"
"해운대구장애인복지관","부산광역시 해운대구","공익활동","장애인복지시설 봉사단","시설 내 쓰레기 운반 및 분리수거 환경정리, 식당보조지원, 복지관 홍보 지원 활동","2020-01-01","2020-12-31","50","051-521-5200","2020-12-31"
"해운대구장애인복지관","부산광역시 해운대구","공익활동","장애인서비스 자원봉사단","장애인 프로그램 이용 및 활동 보조, 정서지원서비스, 안부확인서비스 활동","2020-01-01","2020-12-31","40","051-521-5200","2020-12-31"
"부산해운대시니어클럽","부산광역시 해운대구","공익활동","해운대보안관","공중화장실 불법 촬영 범죄예방 활동","2020-01-01","2020-12-31","30","051-784-9141","2020-12-31"
"부산해운대시니어클럽","부산광역시 해운대구","공익활동","실버관광통역사업","관광객 대상 안내 및 통역서비스 제공","2020-01-01","2020-12-31","20","051-784-9141","2020-12-31"
"부산해운대시니어클럽","부산광역시 해운대구","공익활동","복지시설봉사사업","복지시설 안내 및 지원","2020-01-01","2020-12-31","80","051-784-9141","2020-12-31"
"부산해운대시니어클럽","부산광역시 해운대구","공익활동","보육시설봉사사업","보육교사 보조 및 환경미화","2020-01-01","2020-12-31","60","051-784-9141","2020-12-31"
"부산해운대시니어클럽","부산광역시 해운대구","공익활동","공공시설봉사사업","해운대세무서 민원 안내 활동, 벡스코 내·외곽 잡초 제거 및 환경미화, 동해남부선 기차역 내 이용자 안내","2020-01-01","2020-12-31","50","051-784-9141","2020-12-31"
"부산해운대시니어클럽","부산광역시 해운대구","공익활동","생활시설지원사업","취약계층 이용시설 내·외 환경미화","2020-01-01","2020-12-31","20","051-784-9141","2020-12-31"
"부산해운대시니어클럽","부산광역시 해운대구","공익활동","도시재생관리사업","공원 및 공공시설 환경미화, 보건소 연계 금연구역 홍보 및 캠페인 활동","2020-01-01","2020-12-31","70","051-784-9141","2020-12-31"
"어진샘노인종합사회복지관","부산광역시 해운대구","공익활동","지역아동센터봉사","지역아동센터 아동 방과후 교육 및 귀가, 급식 지원","2020-01-01","2020-12-31","25","051-784-8008","2020-12-31"
"어진샘노인종합사회복지관","부산광역시 해운대구","공익활동","문화재시설봉사","문화재 보호, 훼손방지 안내, 관람 편의제공","2020-01-01","2020-12-31","10","051-784-8008","2020-12-31"
"어진샘노인종합사회복지관","부산광역시 해운대구","공익활동","청소년선도봉사","학교주변 환경정비 및 범죄예방 안전순찰","2020-01-01","2020-12-31","85","051-784-8008","2020-12-31"
"어진샘노인종합사회복지관","부산광역시 해운대구","공익활동","공공시설봉사","환경정비 및 쓰레기 분리수거, 금연계도, 환경계도 캠페인 및 관광객 안내","2020-01-01","2020-12-31","60","051-784-8008","2020-12-31"
"어진샘노인종합사회복지관","부산광역시 해운대구","공익활동","보육시설봉사","보육교사 보조, 생활지도, 영유아 및 아동 식사 준비·보조","2020-01-01","2020-12-31","80","051-784-8008","2020-12-31"
"어진샘노인종합사회복지관","부산광역시 해운대구","사회서비스형","노인맞춤돌봄서비스 업무보조","생활관리사가 노인 가정방문 시 동행 및 업무보조, 후원물품 전달, 그룹프로그램 진행보조 등","2020-02-01","2020-12-31","10","051-784-8008","2020-12-31"
"파랑새종합사회복지관","부산광역시 해운대구","공익활동","교육시설봉사","초등학교 환경정비 및 학교시설 관리","2020-01-01","2020-12-31","40","051-545-0115","2020-12-31"
"파랑새종합사회복지관","부산광역시 해운대구","공익활동","전통시장도우미","전통시장 환경정비, 이용자 안내 및 편의제공 지원 등","2020-01-01","2020-12-31","40","051-545-0115","2020-12-31"
"파랑새종합사회복지관","부산광역시 해운대구","공익활동","실버보행안전봉사","노인유동인구 밀집지역 주변 교통정리 및 안전인식 캠페인 등","2020-01-01","2020-12-31","40","051-545-0115","2020-12-31"
"장산노인복지관","부산광역시 해운대구","공익활동","배움터가꿈이","교육시설 환경미화 및 업무지원","2020-01-01","2020-12-31","24","051-704-9141","2020-12-31"
"장산노인복지관","부산광역시 해운대구","사회서비스형","노인맞춤돌봄지원","노인맞춤돌봄서비스 업무보조 및 생활상태 점검 등","2020-02-01","2020-12-31","5","051-704-9141","2020-12-31"
"장산노인복지관","부산광역시 해운대구","사회서비스형","보육시설지원","보육시설 내 업무보조 및 환경미화 활동","2020-02-01","2020-12-31","25","051-704-9141","2020-12-31"
"장산노인복지관","부산광역시 해운대구","사회서비스형","노인서비스지원","노인관련시설 내 업무보조 및 시설관리활동","2020-02-01","2020-12-31","20","051-704-9141","2020-12-31"
"해운대종합사회복지관","부산광역시 해운대구","공익활동","노노케어","취약노인가정 방문 말벗, 안부확인, 생활실태점검 등","2020-01-01","2020-12-31","90","051-782-5005","2020-12-31"
"해운대종합사회복지관","부산광역시 해운대구","공익활동","도서관봉사","도서관 이용지도, 사서 업무보조, 도서 분류 및 관리","2020-01-01","2020-12-31","34","051-782-5005","2020-12-31"
"해운대종합사회복지관","부산광역시 해운대구","공익활동","복지시설봉사","복지시설 내 환경미화, 시설관리, 급식보조, 안내","2020-01-01","2020-12-31","26","051-782-5005","2020-12-31"
"해운대종합사회복지관","부산광역시 해운대구","공익활동","보육시설봉사","유치원, 어린이집 아동 보육서비스 및 예절지도, 보육교사 보조","2020-01-01","2020-12-31","40","051-782-5005","2020-12-31"
"대한노인회 해운대구지회","부산광역시 해운대구","공익활동","경로당특활사업","경로당 환경미화 및 식사활동 지원","2020-01-01","2020-12-31","190","051-746-8278","2020-12-31"
"중구노인복지관","부산광역시 중구","공익활동","노인일자리사업","공익활동, 사회서비스, 시장형","2021-01-01","2021-12-31","399","051-241-2591","2021-01-01"
"중구시니어클럽","부산광역시 중구","시장형","노인일자리사업","공익활동, 시장형","2021-01-01","2021-12-31","899","051-951-2800","2021-01-01"
"대한노인회 중구지회","부산광역시 중구","공익활동","노인일자리사업","공익활동","2021-01-01","2021-12-31","399","051-247-1820","2021-01-01"
"부산영도시니어클럽","부산광역시 영도구","공익활동형,사회서비스형, 시장형","보육교사도우미,공공시설봉사사업,환경관리사업,맑은누리사업,방아깨비사업 등","공원 및 놀이터 시설관리,안전지킴이,환경미화 등","2020-01-01","2020-12-31","1339","051-413-7272","2020-12-31"
"와치종합사회복지관","부산광역시 영도구","공익활동형","마실봉사단,수호천사단,해피청결단","장애인돌봄지원,공공시설봉사 등","2020-01-01","2020-12-31","164","051-403-4200","2020-12-31"
"절영종합사회복지관","부산광역시 영도구","공익활동형","노노케어,노장케어,공공시설봉사","어르신 인사 및 안부확인,생활실태점검 등","2020-01-01","2020-12-31","70","051-404-5530","2020-12-31"
"동삼종합사회복지관","부산광역시 영도구","공익활동형","노노케어","어르신 인사 및 안부확인,생활실태점검 등","2020-01-01","2020-12-31","84","051-404-2133","2020-12-31"
"상리종합사회복지관","부산광역시 영도구","공익활동형","노인안심지원사업,노인돌봄지원사업,상리시설지원사업","어르신 인사 및 안부확인,생활실태점검 등","2020-01-01","2020-12-31","48","051-404-4003","2020-12-31"
"영도구청 복지사업과","부산광역시 영도구","공익활동형","우리동네 지킴이","관내 환경정비, 불법광고물 정비","2020-01-01","2020-12-31","96","051-419-4352","2020-12-31"
"대한노인회 영도구지회","부산광역시 영도구","공익활동형","경로당안전돌봄,노노에듀케어문화강사","경로당내 안전검점,어르신 안부 확인 등","2020-01-01","2020-12-31","180","051-417-4888","2020-12-31"
"영도구노인복지관","부산광역시 영도구","공익활동형, 사회서비스형","노노케어,지역사회환경개선봉사,주정차질서계도봉사,영도태종대문화재시설봉사,놀이터공공시설봉사,","어르신안전확인,말벗 활동,생활실태점검 등","2020-01-01","2020-12-31","450","051-417-6344","2020-12-31"
"영도구종합사회복지관","부산광역시 영도구","공익활동형","노노케어,노장케어,신장장애인서비스지원단","어르신 말벗,고민들어주기,순찰활동,안부확인 등","2020-01-01","2020-12-31","220","051-413-4661","2020-12-31"
"부산연제시니어클럽","부산광역시 연제구","사회서비스","아동돌봄지원사업","아동돌봄지원사업","2021-01-04","2021-12-31","70","051-851-2190","2021-01-12"
"부산연제시니어클럽","부산광역시 연제구","시장","학교시설지원사업","학교시설지원사업","2021-01-04","2021-12-31","12","051-851-2190","2021-01-12"
"부산연제시니어클럽","부산광역시 연제구","시장","다방사업","다방사업","2021-01-04","2021-12-31","66","051-851-2190","2021-01-12"
"부산연제시니어클럽","부산광역시 연제구","시장","실버마을작업장사업","실버마을작업장사업","2021-01-04","2021-12-31","65","051-851-2190","2021-01-12"
"부산연제시니어클럽","부산광역시 연제구","시장","청소지원사업","청소지원사업","2021-01-04","2021-12-31","50","051-851-2190","2021-01-12"
"부산연제시니어클럽","부산광역시 연제구","취업알선","실버사랑취업알선사업","실버사랑취업알선사업","2021-01-04","2021-12-31","300","051-851-2190","2021-01-12"
"장노년일자리지원센터","부산광역시 연제구","사회서비스","사회서비스형","사회서비스형","2021-01-04","2021-12-31","57","051-864-6300","2021-01-12"
"장노년일자리지원센터","부산광역시 연제구","취업알선","60+일자리사업","60+일자리사업","2021-01-04","2021-12-31","300","051-864-6300","2021-01-12"
"연제구노인복지관","부산광역시 연제구","공익","고독사예방지원사업","고독사예방지원사업","2021-01-04","2021-12-31","50","051-863-9988","2021-01-12"
"연제구노인복지관","부산광역시 연제구","공익","보육교사도우미사업","보육교사도우미사업","2021-01-04","2021-12-31","95","051-863-9988","2021-01-12"
"연제구노인복지관","부산광역시 연제구","공익","복지시설지원사업","복지시설지원사업","2021-01-04","2021-12-31","70","051-863-9988","2021-01-12"
"연제구노인복지관","부산광역시 연제구","공익","지역사회환경개선","지역사회환경개선","2021-01-04","2021-12-31","115","051-863-9988","2021-01-12"
"부산연제시니어클럽","부산광역시 연제구","공익","자원봉사캠프 지원사업","자원봉사캠프 지원사업","2021-01-04","2021-12-31","20","051-851-2190","2021-01-12"
"부산연제시니어클럽","부산광역시 연제구","공익","고독사예방사업","고독사예방사업","2021-01-04","2021-12-31","30","051-851-2190","2021-01-12"
"부산연제시니어클럽","부산광역시 연제구","공익","공익시설지원사업","공익시설지원사업","2021-01-04","2021-12-31","80","051-851-2190","2021-01-12"
"부산연제시니어클럽","부산광역시 연제구","공익","버스정류장관리사업","버스정류장관리사업","2021-01-04","2021-12-31","140","051-851-2190","2021-01-12"
"부산연제시니어클럽","부산광역시 연제구","공익","시설안전지킴이사업","시설안전지킴이사업","2021-01-04","2021-12-31","128","051-851-2190","2021-01-12"
"부산연제시니어클럽","부산광역시 연제구","공익","차량계도지원사업","차량계도지원사업","2021-01-04","2021-12-31","150","051-851-2190","2021-01-12"
"부산연제시니어클럽","부산광역시 연제구","공익","공공시설환경지킴이사업","공공시설환경지킴이사업","2021-01-04","2021-12-31","100","051-851-2190","2021-01-12"
"부산연제시니어클럽","부산광역시 연제구","공익","학교시설통합지원사업","학교시설통합지원사업","2021-01-04","2021-12-31","180","051-851-2190","2021-01-12"
"부산연제시니어클럽","부산광역시 연제구","공익","학교시설통합지원사업","학교시설통합지원사업","2021-01-04","2021-12-31","60","051-851-2190","2021-01-12"
"부산연제시니어클럽","부산광역시 연제구","사회서비스","시니어컨설턴트사업","시니어컨설턴트사업","2021-01-04","2021-12-31","10","051-851-2190","2021-01-12"
"부산연제시니어클럽","부산광역시 연제구","사회서비스","실버안전소방사업","실버안전소방사업","2021-01-04","2021-12-31","79","051-851-2190","2021-01-12"
"부산연제시니어클럽","부산광역시 연제구","사회서비스","노인복지시설지원사업","노인복지시설지원사업","2021-01-04","2021-12-31","30","051-851-2190","2021-01-12"
"대한노인회 연제구지회","부산광역시 연제구","공익","경로당 알리미","경로당 알리미","2021-01-04","2021-12-31","16","051-759-4515","2021-01-12"
"대한노인회 연제구지회","부산광역시 연제구","공익","경로당행복도우미","경로당행복도우미","2021-01-04","2021-12-31","180","051-759-4515","2021-01-12"
"대한노인회 연제구지회","부산광역시 연제구","공익","노노케어","노노케어","2021-01-04","2021-12-31","120","051-759-4515","2021-01-12"
"대한노인회 연제구지회","부산광역시 연제구","공익","쌈지공원지킴이","쌈지공원지킴이","2021-01-04","2021-12-31","64","051-759-4515","2021-01-12"
"대한노인회 연제구지회","부산광역시 연제구","공익","온천천 지킴이","온천천 지킴이","2021-01-04","2021-12-31","100","051-759-4515","2021-01-12"
"대한노인회 연제구지회","부산광역시 연제구","공익","환경지킴이","환경지킴이","2021-01-04","2021-12-31","140","051-759-4515","2021-01-12"
"부산시노인종합복지관","부산광역시 연제구","공익","공원놀이체험","공원놀이체험","2021-01-04","2021-12-31","10","051-853-5090","2021-01-12"
"부산시노인종합복지관","부산광역시 연제구","공익","공익시설지원","공익시설지원","2021-01-04","2021-12-31","50","051-853-5090","2021-01-12"
"부산시노인종합복지관","부산광역시 연제구","공익","노노케어","노노케어","2021-01-04","2021-12-31","140","051-853-5090","2021-01-12"
"부산시노인종합복지관","부산광역시 연제구","공익","보육교사도우미","보육교사도우미","2021-01-04","2021-12-31","80","051-853-5090","2021-01-12"
"부산시노인종합복지관","부산광역시 연제구","공익","복지시설지원","복지시설지원","2021-01-04","2021-12-31","122","051-853-5090","2021-01-12"
"부산시노인종합복지관","부산광역시 연제구","공익","시니어행복드림 순찰대","시니어행복드림 순찰대","2021-01-04","2021-12-31","36","051-853-5090","2021-01-12"
"부산시노인종합복지관","부산광역시 연제구","공익","지역환경지킴이","지역환경지킴이","2021-01-04","2021-12-31","48","051-853-5090","2021-01-12"
"부산시노인종합복지관","부산광역시 연제구","공익","클린세이브","클린세이브","2021-01-04","2021-12-31","54","051-853-5090","2021-01-12"
"부산시노인종합복지관","부산광역시 연제구","사회서비스","노인돌봄시설지원","노인돌봄시설지원","2021-01-04","2021-12-31","14","051-853-5090","2021-01-12"
"부산시노인종합복지관","부산광역시 연제구","사회서비스","지역아동돌보미","지역아동돌보미","2021-01-04","2021-12-31","26","051-853-5090","2021-01-12"
"부산시노인종합복지관","부산광역시 연제구","시장","카페마실","카페마실","2021-01-04","2021-12-31","8","051-853-5090","2021-01-12"
"연제구노인복지관","부산광역시 연제구","사회서비스","노인맞춤돌봄서비스지원사업","노인맞춤돌봄서비스지원사업","2021-01-04","2021-12-31","13","051-863-9988","2021-01-12"
"연제구노인복지관","부산광역시 연제구","사회서비스","노인요양원지원사업","노인요양원지원사업","2021-01-04","2021-12-31","14","051-863-9988","2021-01-12"
"연제구노인복지관","부산광역시 연제구","사회서비스","지역아동센터지원사업","지역아동센터지원사업","2021-01-04","2021-12-31","10","051-863-9988","2021-01-12"
"거제종합사회복지관","부산광역시 연제구","공익","도서관 관리지원사업","도서관 관리지원사업","2021-01-04","2021-12-31","26","051-507-8174","2021-01-12"
"거제종합사회복지관","부산광역시 연제구","공익","복지시설지원사업","복지시설지원사업","2021-01-04","2021-12-31","16","051-507-8174","2021-01-12"
"거제종합사회복지관","부산광역시 연제구","시장","실버카페 보나뻬띠","실버카페 보나뻬띠","2021-01-04","2021-12-31","10","051-507-8174","2021-01-12"
"(사)대한노인회수영구지회","부산광역시 수영구","공익형","지하철안전지킴이 포함 10개","노인일자리 및 사회활동지원사업","2021-01-01","2021-12-31","640","051-622-7683","2021-01-20"
"수영구노인복지관","부산광역시 수영구","공익형","도서관 사서도우미 포함 7개","노인일자리 및 사회활동지원사업","2021-01-01","2021-12-31","290","051-759-6070","2021-01-20"
"홀트수영종합사회복지관","부산광역시 수영구","공익형","1-3세대 강사파견 포함 5개","노인일자리 및 사회활동지원사업","2021-01-01","2021-12-31","170","051-760-3600","2021-01-20"
"수영구시니어클럽","부산광역시 수영구","공익형, 시장형, 사회서비스형","갈맷길이야기 포함 28개","노인일자리 및 사회활동지원사업","2021-01-01","2021-12-31","1437","051-625-1262","2021-01-20"
"(사)해누리노인복지공동체","부산광역시 수영구","공익형","근린생활시설관리 포함 6개","노인일자리 및 사회활동지원사업","2021-01-01","2021-12-31","318","051-751-4322","2021-01-20"
"대한노인회부산서구지회","부산광역시 서구","공익활동형","전통시장고객쉼터관리","서구 전통시장 내 고객쉼터 관리 및 공중화장실 청결관리","2021-01-18","2021-11-30","35","051-256-0734","2020-12-31"
"대한노인회부산서구지회","부산광역시 서구","공익활동형","노인복지시설청결및수칙계도지원","경로당 내 환경정비 및 코로나19 관련 방역수칙 지도 및 관리","2021-01-18","2021-11-30","57","051-256-0734","2020-12-31"
"대한노인회부산서구지회","부산광역시 서구","공익활동형","지역형(기타)-금연홍보단","서구 보건소와 연계하여 금연홍보 활동","2021-01-18","2021-11-30","8","051-256-0734","2020-12-31"
"부산서구시니어클럽","부산광역시 서구","사회서비스형","시니어 마을안전지킴이","지역내 취약지역 순찰활동","2021-02-01","2021-11-30","12","051-244-6700","2020-12-31"
"부산서구시니어클럽","부산광역시 서구","사회서비스형","시니어 가정서비스지원","한부모가정, 다문화가정, 건강가정지원센터 지원","2021-02-01","2021-11-30","12","051-244-6700","2020-12-31"
"부산서구시니어클럽","부산광역시 서구","사회서비스형","시니어 금융업무 지원","관내 새마을금고 파견 업무지원","2021-02-01","2021-11-30","4","051-244-6700","2020-12-31"
"부산서구시니어클럽","부산광역시 서구","사회서비스형","시니어교육시설지원","초등돌봄교실 교사 업무지원","2021-02-01","2021-11-30","16","051-244-6700","2020-12-31"
"부산서구시니어클럽","부산광역시 서구","사회서비스형","시니어 노인시설지원","노인요양시설 지원","2021-02-01","2021-11-30","8","051-244-6700","2020-12-31"
"부산서구시니어클럽","부산광역시 서구","사회서비스형","시니어 안전예방서비스","공공시설 및 유치원시설 안전관리","2021-02-01","2021-11-30","28","051-244-6700","2020-12-31"
"부산서구시니어클럽","부산광역시 서구","사회서비스형","시니어 장애인시설지원","장애인시설 환경관리 및 급식업무지원","2021-02-01","2021-11-30","16","051-244-6700","2020-12-31"
"부산서구시니어클럽","부산광역시 서구","사회서비스형","시니어 소방안전","소방안전 취약계층 소화기 및 화재경보기 설치","2021-02-01","2021-11-30","10","051-244-6700","2020-12-31"
"부산서구시니어클럽","부산광역시 서구","사회서비스형","시니어 북딜리버리","구덕도서관 업무지원(도서반납서비스 지원)","2021-02-01","2021-11-30","4","051-244-6700","2020-12-31"
"부산서구시니어클럽","부산광역시 서구","시장형","행복한작업장","공동작업장","2021-01-18","2021-12-31","60","051-244-6700","2020-12-31"
"부산서구시니어클럽","부산광역시 서구","시장형","그랑","국수, 어묵등 제조판매","2021-01-18","2021-12-31","25","051-244-6700","2020-12-31"
"부산서구시니어클럽","부산광역시 서구","시장형","느린가게","두부과자, 음료등 제조판매","2021-01-18","2021-12-31","25","051-244-6700","2020-12-31"
"부산서구시니어클럽","부산광역시 서구","시장형","숨쉬는나무공방숲","공방운영사업","2021-01-18","2021-12-31","30","051-244-6700","2020-12-31"
"부산서구시니어클럽","부산광역시 서구","시장형","전통다원 여여","전통음료 제조판매","2021-01-18","2021-12-31","25","051-244-6700","2020-12-31"
"부산서구시니어클럽","부산광역시 서구","시장형","학교환경지킴이","서부교육지원청 지정 학교 파견되어 교내 수목정비 및 환경정비","2021-01-18","2021-12-31","35","051-244-6700","2020-12-31"
"부산서구시니어클럽","부산광역시 서구","시장형","담소락","서부교육지원청 급식 제공","2021-01-18","2021-12-31","20","051-244-6700","2020-12-31"
"부산서구시니어클럽","부산광역시 서구","시장형","연잎 도시락 사업단","연잎밥 도시락 및 장아찌류 제조판매 사업","2021-01-18","2021-12-31","31","051-244-6700","2020-12-31"
"부산서구시니어클럽","부산광역시 서구","사회서비스형","시니어 다함께돌봄","다함께돌봄센터 업무지원","2021-02-01","2021-11-30","8","051-244-6700","2020-12-31"
"부산서구시니어클럽","부산광역시 서구","사회서비스형","시니어 청소년 시설지원","관내 청소년시설 업무지원","2021-02-01","2021-11-30","19","051-244-6700","2020-12-31"
"부산서구시니어클럽","부산광역시 서구","공익활동형","학교급식지킴이","초등학교 급식 도우미","2021-01-18","2021-11-30","88","051-244-6700","2020-12-31"
"부산서구시니어클럽","부산광역시 서구","공익활동형","우리마을가꾸미","관내 불법광고물 제거, 공공 화단관리","2021-01-18","2021-11-30","120","051-244-6700","2020-12-31"
"부산서구시니어클럽","부산광역시 서구","공익활동형","복지시설청결및수칙계도지원","복지시설 방역서비스","2021-01-18","2021-11-30","50","051-244-6700","2020-12-31"
"부산서구시니어클럽","부산광역시 서구","공익활동형","시니어공공서비스지원","노인요양시설 환경정비, 대신공원 환경정비","2021-01-18","2021-11-30","170","051-244-6700","2020-12-31"
"부산서구시니어클럽","부산광역시 서구","공익활동형","공영주차장 환경관리","서구관내 공영주차장 환경정비","2021-01-18","2021-11-30","50","051-244-6700","2020-12-31"
"부산서구시니어클럽","부산광역시 서구","공익활동형","도시철도안전도우미","도시철도 내 승객안전관리 및 안전사고예방활동","2021-01-18","2021-11-30","100","051-244-6700","2020-12-31"
"부산서구시니어클럽","부산광역시 서구","공익활동형","시니어 도슨트","민주공원 내 전시해설, 주변 자연해설","2021-01-18","2021-11-30","31","051-244-6700","2020-12-31"
"부산서구시니어클럽","부산광역시 서구","공익활동형","스쿨존안전지킴이","관내 서비스 요청 교육시설의 등교시간 교통안전지도","2021-01-18","2021-11-30","182","051-244-6700","2020-12-31"
"부산서구시니어클럽","부산광역시 서구","공익활동형","원도심흔적기행","서구 관내 투어 및 각종 체험 등을 제공하는  “실버여행가이드” 양성","2021-01-18","2021-11-30","27","051-244-6700","2020-12-31"
"부산서구시니어클럽","부산광역시 서구","공익활동형","시니어 생활기동대","서구관내 우범지대 순찰","2021-01-18","2021-11-30","70","051-244-6700","2020-12-31"
"부산서구시니어클럽","부산광역시 서구","공익활동형","숲생태해설","지역 내 자연탐구활동 및 숲생태해설서비스를 희망하는 단체 서비스 제공","2021-01-18","2021-11-30","50","051-244-6700","2020-12-31"
"부산서구시니어클럽","부산광역시 서구","공익활동형","고독사예방네트워크사업","관내 독거가구 방문 안부확인 및 생활안전점검","2021-01-18","2021-11-30","100","051-244-6700","2020-12-31"
"부산기독교종합사회복지관","부산광역시 서구","공익활동","노노케어도시락(행복식탁)","취약계층 가정 방문 도시락 및 밑반찬 배달","2021-01-18","2021-11-30","40","051-710-9406","2020-12-31"
"부산기독교종합사회복지관","부산광역시 서구","공익활동","사회복지시설도우미","사회복지시설 환경정비, 시설내 급식실 주방보조","2021-01-18","2021-11-30","36","051-710-9406","2020-12-31"
"부산기독교종합사회복지관","부산광역시 서구","공익활동","보육시설도우미","어린이집 시설 환경정비 및 급식 보조","2021-01-18","2021-11-30","40","051-710-9406","2020-12-31"
"부산기독교종합사회복지관","부산광역시 서구","공익활동","노노케어","독거노인등 취약노인가정 방문 안부확인, 말벗, 생활안전점검","2021-01-18","2021-11-30","40","051-710-9406","2020-12-31"
"서구종합사회복지관","부산광역시 서구","공익활동형","노노케어-도시락배달서비스","취약계층 가정 방문 도시락 및 밑반찬 배달","2021-01-18","2021-11-30","25","051-253-1922","2020-12-31"
"서구종합사회복지관","부산광역시 서구","공익활동형","사회복지시설도우미","사회복지시설 환경정비, 시설내 급식실 주방보조활동","2021-01-18","2021-11-30","35","051-253-1922","2020-12-31"
"서구종합사회복지관","부산광역시 서구","공익활동형","버스승강장청결도우미","버스승강장 주변 환경정비","2021-01-18","2021-11-30","50","051-253-1922","2020-12-31"
"서구종합사회복지관","부산광역시 서구","공익활동형","노노케어-은빛돌봄이","독거노인등 취약노인가정 방문 안부확인, 말벗, 생활안전점검","2021-01-18","2021-11-30","44","051-253-1922","2020-12-31"
"서구종합사회복지관","부산광역시 서구","사회서비스형","노인맞춤돌봄서비스 업무보조","맞춤돌봄 생활지원사 업무보조","2021-02-01","2021-11-30","14","051-253-1922","2020-12-31"
"부산광역시 서구청","부산광역시 서구","공익활동형","구덕문화공원 해설사업","구덕문화공원 시설환경정비 및 내방객 시설 안내","2021-01-18","2021-11-30","36","051-240-4375","2020-12-31"
"부산광역시 서구청","부산광역시 서구","공익활동형","실버환경지킴이","서구관내 각동 환경정비 (하절기 송도해수욕장 환경정비)","2021-01-18","2021-11-30","150","051-240-4375","2020-12-31"
"서구노인복지관","부산광역시 서구","공익활동형","우정(友情)서포터즈(우체국행정업무)","우체국 민원안내 업무지원","2021-01-18","2021-11-30","12","051-244-3541","2020-12-31"
"서구노인복지관","부산광역시 서구","공익활동형","실버안전특공대","남부민동 및 암남동 권역 재개발 지구 및 우범지역 순찰활동","2021-01-18","2021-11-30","43","051-244-3541","2020-12-31"
"서구노인복지관","부산광역시 서구","공익활동형","실버바다사랑","송도해수욕장 환경정비","2021-01-18","2021-11-30","48","051-244-3541","2020-12-31"
"서구노인복지관","부산광역시 서구","공익활동형","노노케어","독거노인등 취약노인가정 방문 안부확인, 말벗, 생활안전점검","2021-01-18","2021-11-30","22","051-244-3541","2020-12-31"
"서구노인복지관","부산광역시 서구","공익활동형","퍼팩트실버","사회복지시설 업무지원","2021-01-18","2021-11-30","18","051-244-3541","2020-12-31"
"서구노인복지관","부산광역시 서구","공익활동형","희망배달서비스","취약계층 가정 방문 도시락 및 밑반찬 배달","2021-01-18","2021-11-30","11","051-244-3541","2020-12-31"
"서구노인복지관","부산광역시 서구","사회서비스형","공공행정지원업무(시니어헬퍼)","서부산세무서 민원안내 업무지원","2021-02-01","2021-11-30","6","051-244-3541","2020-12-31"
"서구노인복지관","부산광역시 서구","사회서비스형","노인맞춤돌봄서비스업무보조(행복돌봄사업단)","맞춤돌봄 생활지원사 업무보조","2021-02-01","2021-11-30","23","051-244-3541","2020-12-31"
"부민노인복지관","부산광역시 서구","공익활동형","시니어 방역단","복지관 이용객 및 방문객 대상 발열체크 및 시설 방역활동","2021-01-18","2021-11-30","22","051-243-3541","2020-12-31"
"부민노인복지관","부산광역시 서구","공익활동형","주차구역지도단","초등학교 주변 불법주정차관리 및 주차질서 지도","2021-01-18","2021-11-30","24","051-243-3541","2020-12-31"
"부민노인복지관","부산광역시 서구","공익활동형","사회복지시설도우미","사회복지시설 환경정비, 시설내 급식실 배식보조활동, 취약계층 밑반찬 배달","2021-01-18","2021-11-30","50","051-243-3541","2020-12-31"
"부민노인복지관","부산광역시 서구","공익활동형","노노케어","독거노인등 취약노인가정 방문 안부확인, 말벗, 생활안전점검","2021-01-18","2021-11-30","60","051-243-3541","2020-12-31"
"대한노인회부산서구지회","부산광역시 서구","공익활동형","노인복지시설방역사업","파견요청 경로당 시설 내.외부 소독 및 방역활동","2021-01-18","2021-11-30","57","051-256-0734","2020-12-31"
"사하구종합사회복지관","부산광역시 사하구","공익형","지역사회환경개선봉사사업 외 3개 사업","공익증진을 위한 봉사활동","2020-01-20","2020-11-30","295","051-293-2688","2020-07-31"
"사하사랑채노인복지관","부산광역시 사하구","공익형","숲 체험단사업 외 7개 사업","공익증진을 위한 봉사활동","2020-01-20","2020-11-30","675","051-293-9544","2020-07-31"
"인창노인복지센터","부산광역시 사하구","공익형","반짝반짝작은도서관사업 외 4개 사업","공익증진을 위한 봉사활동","2020-01-20","2020-11-30","510","051-204-3472","2020-07-31"
"신장림사랑채노인복지관","부산광역시 사하구","공익형","공공의료 및 복지시설 봉사 외 2개 사업","공익증진을 위한 봉사활동","2020-01-20","2020-11-30","320","051-204-3473","2020-07-31"
"대한노인회 사하구지회","부산광역시 사하구","공익형","공공시설관리지원사업 외 1개 사업","공익증진을 위한 봉사활동","2020-01-20","2020-11-30","201","051-202-0513","2020-07-31"
"구평종합사회복지관","부산광역시 사하구","공익형","버스승강장청결지킴이사업 외 5개 사업","공익증진을 위한 봉사활동","2020-01-20","2020-11-30","380","051-263-3045","2020-07-31"
"다대사회복지관","부산광역시 사하구","공익형","근린생활시설관리지원사업 외 6개 사업","공익증진을 위한 봉사활동","2020-01-20","2020-11-30","550","051-264-5420","2020-07-31"
"부산사하시니어클럽","부산광역시 사하구","공익형, 시장형","학교급식도우미사업 외 11개 사업","노인일자리","2020-01-20","2020-11-30","1,144","051-206-9474","2020-07-31"
"백양종합사회복지관","부산광역시 사상구","공익활동","노노케어(12개월)","독거노인 안부확인","2021-01-01","2021-11-31","64","051-305-4286","2020-12-31"
"백양종합사회복지관","부산광역시 사상구","공익활동","노노케어(9개월)","독거노인 안부확인","2021-01-01","2021-11-31","35","051-305-4286","2020-12-31"
"백양종합사회복지관","부산광역시 사상구","공익활동","교육강사","어린이집 및 지역아동센터 파견","2021-01-01","2021-11-31","14","051-305-4286","2020-12-31"
"백양종합사회복지관","부산광역시 사상구","공익활동","토이클리너","대여장남감 세척","2021-01-01","2021-11-31","87","051-305-4286","2020-12-31"
"백양종합사회복지관","부산광역시 사상구","공익활동","사서도우미","관내 공공도서관 업무지원","2021-01-01","2021-11-31","30","051-305-4286","2020-12-31"
"백양종합사회복지관","부산광역시 사상구","공익활동","지역환경개선사업","관내 환경정비 사업","2021-01-01","2021-11-31","71","051-305-4286","2020-12-31"
"백양종합사회복지관","부산광역시 사상구","공익활동","알리미홍보단","복지시설 홍보지원","2021-01-01","2021-11-31","15","051-305-4286","2020-12-31"
"학장종합사회복지관","부산광역시 사상구","공익활동","노노케어","독거노인 안부확인","2021-01-01","2021-11-31","10","051-311-4017","2020-12-31"
"학장종합사회복지관","부산광역시 사상구","공익활동","지역환경개선사업","관내 환경정비 사업","2021-01-01","2021-11-31","186","051-311-4017","2020-12-31"
"학장종합사회복지관","부산광역시 사상구","공익활동","복지시설파견","복지시설 업무지원","2021-01-01","2021-11-31","64","051-311-4017","2020-12-31"
"사상시니어클럽","부산광역시 사상구","시장형","엄궁포장지원사업단","포장용품 제조","2021-01-01","2021-11-31","30","051-302-2210","2020-12-31"
"사상시니어클럽","부산광역시 사상구","사회서비스형","지역사회취약시설지원사업","시설지원사업","2021-01-01","2021-11-31","4","051-302-2210","2020-12-31"
"사상시니어클럽","부산광역시 사상구","사회서비스형","지역사회장애인시설지원사업","장애인 관련시설 지원","2021-01-01","2021-11-31","12","051-302-2211","2020-12-31"
"사상시니어클럽","부산광역시 사상구","사회서비스형","지역사회노인보호시설지원사업","노인 관련 시설 지원","2021-01-01","2021-11-31","35","051-302-2212","2020-12-31"
"사상시니어클럽","부산광역시 사상구","사회서비스형","(부울경)소방안전지원사업","시니어 안전 모니터링","2021-01-01","2021-11-31","10","051-302-2213","2020-12-31"
"사상시니어클럽","부산광역시 사상구","사회서비스형","노인맞춤돌봄서비스지원사업","노인맞춤돌봄서비스 지원","2021-01-01","2021-11-31","6","051-302-2214","2020-12-31"
"사상시니어클럽","부산광역시 사상구","사회서비스형","지역사회청소년시설지원사업","청소년 시설 지원","2021-01-01","2021-11-31","8","051-302-2215","2020-12-31"
"사상시니어클럽","부산광역시 사상구","사회서비스형","온종일돌봄시설지원사업","지역아동센터 지원","2021-01-01","2021-11-31","6","051-302-2217","2020-12-31"
"사상구노인복지관","부산광역시 사상구","공익활동","시니어방역사업단","지역내공원 방역활동","2021-01-01","2021-11-31","20","051-325-7555","2020-12-31"
"사상구노인복지관","부산광역시 사상구","공익활동","실버순찰대사업","취약지역 순찰 업무","2021-01-01","2021-11-31","40","051-325-7555","2020-12-31"
"사상구노인복지관","부산광역시 사상구","공익활동","공원관리사업","관내 환경정비 사업","2021-01-01","2021-11-31","42","051-325-7555","2020-12-31"
"사상구노인복지관","부산광역시 사상구","공익활동","공공시설관리지원사업","관내시설환경정비","2021-01-01","2021-11-31","56","051-325-7555","2020-12-31"
"사상구노인복지관","부산광역시 사상구","공익활동","보육교사도우미","어린이집 업무지원","2021-01-01","2021-11-31","120","051-325-7555","2020-12-31"
"사상구노인복지관","부산광역시 사상구","공익활동","유치원도우미사업","유치원업무지원","2021-01-01","2021-11-31","66","051-325-7555","2020-12-31"
"사상구노인복지관","부산광역시 사상구","공익활동","환경지킴이사업","환경정비사업","2021-01-01","2021-11-31","74","051-325-7555","2020-12-31"
"사상구노인복지관","부산광역시 사상구","공익활동","고독사예방사업단","독거노인 안부확인","2021-01-01","2021-11-31","4","051-325-7555","2020-12-31"
"사상구노인복지관","부산광역시 사상구","공익활동","교육시설관리지원","교육시설환경정비등","2021-01-01","2021-11-31","164","051-325-7555","2020-12-31"
"사상구노인복지관","부산광역시 사상구","사회서비스형","어린이집파견단","어린이집 업무지원","2021-01-01","2021-11-31","70","051-325-7555","2020-12-31"
"사상시니어클럽","부산광역시 사상구","공익활동","생활시설이용지원사업","윤금요양원 및 대한노인회 환경정비지원","2021-01-01","2021-11-31","40","051-302-2210","2020-12-31"
"사상시니어클럽","부산광역시 사상구","공익활동","청소년보호지원사업","청소년종합지원센터 환경정비 지원","2021-01-01","2021-11-31","10","051-302-2210","2020-12-31"
"사상시니어클럽","부산광역시 사상구","공익활동","고독사지원사업","중장년층 고독사 예방","2021-01-01","2021-11-31","16","051-302-2210","2020-12-31"
"사상시니어클럽","부산광역시 사상구","공익활동","공공시설봉사사업","감전야생화단지 정비사업 지원","2021-01-01","2021-11-31","153","051-302-2210","2020-12-31"
"사상시니어클럽","부산광역시 사상구","공익활동","공공의료 및 복지시설 지원사업","대한노인회 및 노인요양시설 환경정비지원","2021-01-01","2021-11-31","65","051-302-2210","2020-12-31"
"사상시니어클럽","부산광역시 사상구","공익활동","문화재시설봉사사업","문화재 시설(운수사) 환경정비 지원","2021-01-01","2021-11-31","20","051-302-2210","2020-12-31"
"사상시니어클럽","부산광역시 사상구","공익활동","게시판환경지원사업","게시판 환경정비","2021-01-01","2021-11-31","88","051-302-2210","2020-12-31"
"사상시니어클럽","부산광역시 사상구","공익활동","공공체육시설봉사사업","공공체육시설 환경정비","2021-01-01","2021-11-31","70","051-302-2210","2020-12-31"
"사상시니어클럽","부산광역시 사상구","공익활동","도시농업지원사업","화단 등 정비","2021-01-01","2021-11-31","20","051-302-2210","2020-12-31"
"사상시니어클럽","부산광역시 사상구","공익활동","버스승강장관리지원사업","버스승강장 관리","2021-01-01","2021-11-31","85","051-302-2210","2020-12-31"
"사상시니어클럽","부산광역시 사상구","공익활동","우리동네지킴이사업","우리동네 환경 및 안전관리","2021-01-01","2021-11-31","60","051-302-2213","2020-12-31"
"사상시니어클럽","부산광역시 사상구","시장형","공동포장사업","포장용품 제조","2021-01-01","2021-11-31","40","051-302-2210","2020-12-31"
"사상시니어클럽","부산광역시 사상구","시장형","모아모아 재활용사업","재활용사업","2021-01-01","2021-11-31","35","051-302-2210","2020-12-31"
"사상시니어클럽","부산광역시 사상구","사회서비스형","마을안전지킴이","우범지대 방범활동","2021-01-01","2021-11-31","40","051-302-2210","2020-12-31"
"사상시니어클럽","부산광역시 사상구","사회서비스형","열화상감시지원사업","서부터미널 열화상감시지원","2021-01-01","2021-11-31","39","051-302-2210","2020-12-31"
"사상시니어클럽","부산광역시 사상구","공익활동(지역상생)","실버배식도우미","학생 식사 배식 및 주변 정돈","2021-01-01","2021-11-31","18","051-302-2210","2020-12-31"
"사상시니어클럽","부산광역시 사상구","공익활동(지역상생)","스쿨존안전지킴이사업단","교직원,학생 체온측정 및 방역","2021-01-01","2021-11-31","50","051-302-2210","2020-12-31"
"학장종합사회복지관","부산광역시 사상구","공익활동","불법주차예방 및 금주, 금연홍보단","불법주차 근절 및 금주, 금연 홍보","2021-01-01","2021-11-31","30","051-311-4017","2020-12-31"
"(사)대한노인회 사상구지회","부산광역시 사상구","공익활동","노노케어(연중)","독거노인 안부확인","2021-01-01","2021-11-31","326","051-305-3679","2020-12-31"
"(사)대한노인회 사상구지회","부산광역시 사상구","공익활동","경로당소통도우미","경로당 환경정비 순찰","2021-01-01","2021-11-31","134","051-305-3679","2020-12-31"
"(사)대한노인회 사상구지회","부산광역시 사상구","공익활동","행복마을가꿈","관내 환경정비 사업","2021-01-01","2021-11-31","50","051-305-3679","2020-12-31"
"(사)대한노인회 사상구지회","부산광역시 사상구","공익활동","실버강사파견","경로당 노인교실 강사활동","2021-01-01","2021-11-31","30","051-305-3679","2020-12-31"
"(사)대한노인회 사상구지회","부산광역시 사상구","사회서비스형","노인맞춤돌봄서비스지원사업","노인맞춤돌봄서비스 지원","2021-01-01","2021-11-31","0","051-305-3679","2020-12-31"
"사상구종합사회복지관","부산광역시 사상구","공익활동","지하철지킴이","사상역 지하철역 승하차 계도","2021-01-01","2021-11-31","144","051-314-8948","2020-12-31"
"사상구종합사회복지관","부산광역시 사상구","공익활동","지역아동센터 봉사","지역아동센터 업무 지원","2021-01-01","2021-11-31","60","051-314-8948","2020-12-31"
"사상구종합사회복지관","부산광역시 사상구","공익활동","민원안내도우미","관공서(세무서) 안내 도우미","2021-01-01","2021-11-31","12","051-314-8948","2020-12-31"
"사상구종합사회복지관","부산광역시 사상구","공익활동","재가노인가정봉사단","재가센터 업무 지원","2021-01-01","2021-11-31","76","051-314-8948","2020-12-31"
"사상구종합사회복지관","부산광역시 사상구","공익활동","프로그램보조사업단","프로그램보조","2021-01-01","2021-11-31","12","051-314-8948","2020-12-31"
"사상시니어클럽","부산광역시 사상구","시장형","박스포장사업","박스포장","2021-01-01","2021-11-31","55","051-302-2210","2020-12-31"
"사상시니어클럽","부산광역시 사상구","시장형","부품제조사업","부품조립","2021-01-01","2021-11-31","60","051-302-2210","2020-12-31"
"사상시니어클럽","부산광역시 사상구","시장형","할매손 김밥사업","김밥사업","2021-01-01","2021-11-31","16","051-302-2210","2020-12-31"
"사상시니어클럽","부산광역시 사상구","공익활동","스쿨존활동지원사업","학교앞 교통지도 사업","2021-01-01","2021-11-31","180","051-302-2210","2020-12-31"
"사상시니어클럽","부산광역시 사상구","사회서비스형","시니어컨설턴트","시니어취업상담","2021-01-01","2021-11-31","10","051-302-2210","2020-12-31"
"북구시니어클럽","부산광역시 북구","사회서비스형","도서관 사서도우미","북구 도서관 도서정리","2021-01-01","2021-12-31","50","051-337-9331","2020-12-31"
"북구시니어클럽","부산광역시 북구","사회서비스형","시니어 북 딜리버리","구포 만덕 디지털도서관 도서책 배달","2021-01-01","2021-12-31","20","051-337-9331","2020-12-31"
"북구시니어클럽","부산광역시 북구","사회서비스형","반짝반짝돌보미","보육교사 보조업무, 생활지도 및 급식지원, 시설 환경정비","2021-01-01","2021-12-31","80","051-337-9331","2020-12-31"
"북구시니어클럽","부산광역시 북구","시장형","(부울경)소방안전지킴이","소방안전기구 실태조사 및 설치(화재경보기,소화기)","2021-01-01","2021-12-31","20","051-337-9331","2020-12-31"
"북구시니어클럽","부산광역시 북구","시장형","모니터링(가칭)","노인일자리 참여자 모니터링","2021-01-01","2021-12-31","60","051-337-9331","2020-12-31"
"북구시니어클럽","부산광역시 북구","시장형","공기정화식물 관리사업(가칭)","학교 및 복지서설 공기정화식물 지원 및 관리","2021-01-01","2021-12-31","30","051-337-9331","2020-12-31"
"만덕종합사회복지관","부산광역시 북구","공익활동","재래시장지킴이","재래시장 내 거리질서 계도, 시장주변 정리정돈 등","2021-01-01","2021-12-31","30","051-332-8004","2020-12-31"
"만덕종합사회복지관","부산광역시 북구","공익활동","실버EM활용팀","지역주민 대상 EM활용법 홍보 교육 실시","2021-01-01","2021-12-31","8","051-332-8004","2020-12-31"
"만덕종합사회복지관","부산광역시 북구","공익활동","복지시설도우미","지역내 사회복지관 등 환경미화 활동","2021-01-01","2021-12-31","18","051-332-8004","2020-12-31"
"만덕종합사회복지관","부산광역시 북구","공익활동","보육시설도우미","장난감 세척 및 정리 등","2021-01-01","2021-12-31","58","051-332-8004","2020-12-31"
"만덕종합사회복지관","부산광역시 북구","공익활동","교육시설도우미","학교 주변 및 화단 관리 지원 등","2021-01-01","2021-12-31","54","051-332-8004","2020-12-31"
"만덕종합사회복지관","부산광역시 북구","공익활동","공공시설도우미","문화빙상센터, 꽃박물관 등 환경미화 활동","2021-01-01","2021-12-31","26","051-332-8004","2020-12-31"
"만덕종합사회복지관","부산광역시 북구","공익활동","환경지킴이","만덕부근 불결지 환경정비","2021-01-01","2021-12-31","60","051-332-8004","2020-12-31"
"만덕종합사회복지관","부산광역시 북구","사회서비스형","노인서비스지원팀","노인 관련 시설 지원 및 시니어 안전 모니터링","2021-01-01","2021-12-31","12","051-332-8004","2020-12-31"
"만덕종합사회복지관","부산광역시 북구","사회서비스형","아동서비스지원팀","보육시설, 초중등 교육시설 지원","2021-01-01","2021-12-31","8","051-332-8004","2020-12-31"
"북구시니어클럽","부산광역시 북구","공익활동","박물관 도슨트","박물관에 오는 이용객 안내 및 설명보조","2021-01-01","2021-12-31","20","051-337-9331","2020-12-31"
"북구시니어클럽","부산광역시 북구","공익활동","노노케어","취약노인 가구 방문 후 말벗 및 안부확인","2021-01-01","2021-12-31","50","051-337-9331","2020-12-31"
"북구시니어클럽","부산광역시 북구","공익활동","척척클린업","공원 내 쓰레기 줄이기 및 환경보호","2021-01-01","2021-12-31","160","051-337-9331","2020-12-31"
"북구시니어클럽","부산광역시 북구","공익활동","시니어학교깔끔지킴이","학교 내 쓰레기 분리수거 홍보활동","2021-01-01","2021-12-31","160","051-337-9331","2020-12-31"
"북구시니어클럽","부산광역시 북구","공익활동","시니어학교환경지킴이","학교 내 청결유지를 위한 운동장 정리 및 교내 청소","2021-01-01","2021-12-31","160","051-337-9331","2020-12-31"
"북구시니어클럽","부산광역시 북구","공익활동","알콩달콩 모니터링","북구 관내 공원관리 활동 모니터링","2021-01-01","2021-12-31","16","051-337-9331","2020-12-31"
"북구시니어클럽","부산광역시 북구","공익활동","올망졸망","교육시설 교보재, 놀이도구 살균소독 지원","2021-01-01","2021-12-31","74","051-337-9331","2020-12-31"
"북구시니어클럽","부산광역시 북구","공익활동","튼튼도우미","지역아동센터, 노인, 장애인 등 복지시설 관리지원","2021-01-01","2021-12-31","50","051-337-9331","2020-12-31"
"북구시니어클럽","부산광역시 북구","사회서비스형","펭수안전지킴이","학교 등학교 시간대 교통정리","2021-01-01","2021-12-31","90","051-337-9331","2020-12-31"
"동원종합사회복지관","부산광역시 북구","공익활동","고독사예방지킴이","고독사 위험 가구 방문 후 말벗 및 안부확인","2021-01-01","2021-12-31","50","051-361-0045","2020-12-31"
"동원종합사회복지관","부산광역시 북구","공익활동","학교 급식 도우미","학교내 급식 도우미","2021-01-01","2021-12-31","10","051-361-0045","2020-12-31"
"동원종합사회복지관","부산광역시 북구","공익활동","노노케어","취약노인 가구 방문 후 말벗 및 안부확인","2021-01-01","2021-12-31","40","051-361-0045","2020-12-31"
"동원종합사회복지관","부산광역시 북구","사회서비스형","지역아동센터 지원사업","지역아동센터 환경미화, 아동보호 및 귀가지원등 활동지원","2021-01-01","2021-12-31","5","051-361-0045","2020-12-31"
"동원종합사회복지관","부산광역시 북구","사회서비스형","노인 관련 시설 지원 사업","노인 관련 시설 지원 및 시니어 안전 모니터링","2021-01-01","2021-12-31","15","051-361-0045","2020-12-31"
"만덕종합사회복지관","부산광역시 북구","공익활동","지역아동센터도우미","지역아동센터 환경미화, 아동보호 및 귀가지원등 활동지원","2021-01-01","2021-12-31","26","051-332-8004","2020-12-31"
"북구시니어클럽","부산광역시 북구","시장형","마을지킴이(가칭)","방범 및 순찰","2021-01-01","2021-12-31","30","051-337-9331","2020-12-31"
"북구시니어클럽","부산광역시 북구","시장형","필승섬유사업","의류 잔사 제거","2021-01-01","2021-12-31","40","051-337-9331","2020-12-31"
"북구시니어클럽","부산광역시 북구","시장형","씽씽조립사업","자동차 부품 조립","2021-01-01","2021-12-31","50","051-337-9331","2020-12-31"
"북구시니어클럽","부산광역시 북구","시장형","숲속의 요정","커피제조, 판매","2021-01-01","2021-12-31","30","051-337-9331","2020-12-31"
"북구시니어클럽","부산광역시 북구","시장형","은빛희망일터","의류 잔사 제거","2021-01-01","2021-12-31","60","051-337-9331","2020-12-31"
"북구시니어클럽","부산광역시 북구","시장형","금빛희망일터","의류 잔사 제거","2021-01-01","2021-12-31","60","051-337-9331","2020-12-31"
"실버벨노인복지관","부산광역시 북구","공익활동","실버안전지킴이","고독사 위험 가구 방문 후 말벗 및 안부확인","2021-01-01","2021-12-31","100","051-337-5959","2020-12-31"
"실버벨노인복지관","부산광역시 북구","공익활동","실버연극단","연극공연 실시","2021-01-01","2021-12-31","10","051-337-5959","2020-12-31"
"실버벨노인복지관","부산광역시 북구","공익활동","실버강사파견","어린이집, 유치원 등 다양한 강사(장구 등) 파견","2021-01-01","2021-12-31","150","051-337-5959","2020-12-31"
"실버벨노인복지관","부산광역시 북구","공익활동","복지시설도우미","지역내 사회복지관 등 환경미화 활동","2021-01-01","2021-12-31","20","051-337-5959","2020-12-31"
"실버벨노인복지관","부산광역시 북구","공익활동","우리동네시설지원단","복지시설 (복지관, 지역아동센터 등) 환경정비","2021-01-01","2021-12-31","80","051-337-5959","2020-12-31"
"실버벨노인복지관","부산광역시 북구","공익활동","사서도우미","도서대출 및 반납업무, 도서관 환경정리","2021-01-01","2021-12-31","40","051-337-5959","2020-12-31"
"실버벨노인복지관","부산광역시 북구","공익활동","스쿨정화지킴이","학교 내 청소 및 화단정리를 통한 환경정화활동","2021-01-01","2021-12-31","20","051-337-5959","2020-12-31"
"실버벨노인복지관","부산광역시 북구","공익활동","교통공원실버지킴이","구포 어린이교통공원 야외체험장 내 안전관리요원으로 활동","2021-01-01","2021-12-31","10","051-337-5959","2020-12-31"
"실버벨노인복지관","부산광역시 북구","공익활동","노노케어","취약노인 가구 방문 후 말벗 및 안부확인","2021-01-01","2021-12-31","10","051-337-5959","2020-12-31"
"실버벨노인복지관","부산광역시 북구","공익활동","실버행복배달","취약계층 간단한 심부름 도시락 지원","2021-01-01","2021-12-31","20","051-337-5959","2020-12-31"
"실버벨노인복지관","부산광역시 북구","사회서비스형","노인맞춤 돌봄서비스 도우미","중증관리사 보조업무","2021-01-01","2021-12-31","10","051-337-5959","2020-12-31"
"실버벨노인복지관","부산광역시 북구","사회서비스형","시니어 안전모니터링 요원","수행기관 및 수요처등에 방문하여 참여자 활동하는 장소 내 안전 환경 체크","2021-01-01","2021-12-31","10","051-337-5959","2020-12-31"
"화정종합사회복지관","부산광역시 북구","공익활동","화정실버공연단","복지관, 요양시설 등 공연 신청기관에서 연극 공연","2021-01-01","2021-12-31","6","051-362-0111","2020-12-31"
"화정종합사회복지관","부산광역시 북구","공익활동","파트타임 보육도우미단","어린이집 및 유치원 대상 보육서비스 및 예절지도","2021-01-01","2021-12-31","30","051-362-0111","2020-12-31"
"화정종합사회복지관","부산광역시 북구","공익활동","스쿨정화지킴이단","관내 초등학교 화단 및 운동장 청소","2021-01-01","2021-12-31","60","051-362-0111","2020-12-31"
"화정종합사회복지관","부산광역시 북구","공익활동","복지시설관리지원단","복지관 등 복지시설 환경정화 활동","2021-01-01","2021-12-31","34","051-362-0111","2020-12-31"
"화정종합사회복지관","부산광역시 북구","공익활동","금곡동 환경개선봉사단","금곡동 지역 내 거리 및 화단 등 환경정비 활동","2021-01-01","2021-12-31","32","051-362-0111","2020-12-31"
"화정종합사회복지관","부산광역시 북구","공익활동","금곡동 건널목교통지킴이","금곡동 지역내 건널목 교통지도 및 교통안전 캠페인","2021-01-01","2021-12-31","32","051-362-0111","2020-12-31"
"화정종합사회복지관","부산광역시 북구","공익활동","노노케어","취약노인 가구 방문 후 말벗 및 안부확인","2021-01-01","2021-12-31","26","051-362-0111","2020-12-31"
"남산정종합사회복지관","부산광역시 북구","공익활동","교육시설봉사","관내 초중고 교내 학교 폭력 예방 활동","2021-01-01","2021-12-31","24","051-342-8206","2020-12-31"
"남산정종합사회복지관","부산광역시 북구","공익활동","공공시설봉사","지역내 생태공원, 가람낙조길, 버스정류장 환경정비","2021-01-01","2021-12-31","60","051-342-8206","2020-12-31"
"남산정종합사회복지관","부산광역시 북구","공익활동","복지시설봉사","복지시설 내 청소 및 단순 보조업무 지원","2021-01-01","2021-12-31","60","051-342-8206","2020-12-31"
"남산정종합사회복지관","부산광역시 북구","공익활동","문화재시설봉사","관내 문화재 보호, 훼손방지 및 관람편의 제공지원","2021-01-01","2021-12-31","12","051-342-8206","2020-12-31"
"남산정종합사회복지관","부산광역시 북구","공익활동","고독사예방 안전망사업","고독사 위험 가구 방문 후 말벗 및 안부확인","2021-01-01","2021-12-31","10","051-342-8206","2020-12-31"
"남산정종합사회복지관","부산광역시 북구","사회서비스형","재가시설봉사","관내 재가센터 환경정비 및 업무보조","2021-01-01","2021-12-31","4","051-342-8206","2020-12-31"
"남산정종합사회복지관","부산광역시 북구","사회서비스형","보육시설봉사","관내 어린이집, 지역아동센터 환경정비 및 업무보조","2021-01-01","2021-12-31","6","051-342-8206","2020-12-31"
"대한노인회북구지회","부산광역시 북구","공익활동","우리동네 환경지킴이","관내 불결지 환경정비","2021-01-01","2021-12-31","100","051-337-3488","2020-12-31"
"대한노인회북구지회","부산광역시 북구","공익활동","쌈지공원 건강도우미","이용자 코로나 기본수칙 (열체크, 마스크 착용 권고) 이행 및 환경정비","2021-01-01","2021-12-31","60","051-337-3488","2020-12-31"
"대한노인회북구지회","부산광역시 북구","공익활동","화명생태공원 건강스폰서","화명생태공원 이용자 발열체크 및 공원 관리","2021-01-01","2021-12-31","30","051-337-3488","2020-12-31"
"대한노인회북구지회","부산광역시 북구","공익활동","행복한 경로당 도우미","경로당 환경 위생관리 및 식사보조(설겆이 등)","2021-01-01","2021-12-31","160","051-337-3488","2020-12-31"
"동원종합사회복지관","부산광역시 북구","공익활동","시니어교통안전지킴이","교통안전 취약구역 교통안전 예방 활동","2021-01-01","2021-12-31","40","051-361-0045","2020-12-31"
"동원종합사회복지관","부산광역시 북구","공익활동","친환경EM활용사업","지역주민 대상 EM활용법 홍보 교육 실시","2021-01-01","2021-12-31","40","051-361-0045","2020-12-31"
"동원종합사회복지관","부산광역시 북구","공익활동","청소년보호지원사업","지역 내 청소년비행우발지역 순찰 및 선도활동","2021-01-01","2021-12-31","30","051-361-0045","2020-12-31"
"동원종합사회복지관","부산광역시 북구","공익활동","방역소독사업","가가호호 방문하여 주거지 내 방역(소독)작업","2021-01-01","2021-12-31","40","051-361-0045","2020-12-31"
"공창종합사회복지관","부산광역시 북구","공익활동","노노케어","취약노인 가구 방문 후 말벗 및 안부확인","2021-01-01","2021-12-31","20","051-363-2063","2020-12-31"
"공창종합사회복지관","부산광역시 북구","공익활동","가람낙조길개선사업단","가람낙조길(금곡동 인근) 수목 및 꽃길 가꾸기 활동","2021-01-01","2021-12-31","40","051-363-2063","2020-12-31"
"공창종합사회복지관","부산광역시 북구","공익활동","공공시설도우미","문화빙상센터, 꽃박물관 등 환경미화 활동","2021-01-01","2021-12-31","40","051-363-2063","2020-12-31"
"공창종합사회복지관","부산광역시 북구","공익활동","복지시설도우미","지역내 사회복지관 등 환경미화 활동","2021-01-01","2021-12-31","47","051-363-2063","2020-12-31"
"공창종합사회복지관","부산광역시 북구","공익활동","건널목안전봉사단","무단횡단 사고다발지역을 중심으로 건널목 이용 유도활동","2021-01-01","2021-12-31","48","051-363-2063","2020-12-31"
"공창종합사회복지관","부산광역시 북구","사회서비스형","보육시설지원사업단","보육시설 내 유아동 식사지원 및 원아지도 보조","2021-01-01","2021-12-31","20","051-363-2063","2020-12-31"
"금곡종합사회복지관","부산광역시 북구","공익활동","노노케어","취약노인 가구 방문 후 말벗 및 안부확인","2021-01-01","2021-12-31","20","051-365-2211","2020-12-31"
"금곡종합사회복지관","부산광역시 북구","공익활동","횡단보도 안전지킴이단","무단횡단 사고다발지역을 중심으로 건널목 이용 유도활동","2021-01-01","2021-12-31","40","051-365-2211","2020-12-31"
"금곡종합사회복지관","부산광역시 북구","공익활동","공공시설봉사(쉘터, 공원)","지역내 생태공원, 가람낙조길, 버스정류장 환경정비","2021-01-01","2021-12-31","360","051-365-2211","2020-12-31"
"금곡종합사회복지관","부산광역시 북구","공익활동","식사배달서비스지원사업","취약계층 도시락 배달","2021-01-01","2021-12-31","10","051-365-2211","2020-12-31"
"금곡종합사회복지관","부산광역시 북구","사회서비스형","아동 보육 서비스 지원","보육시설 내 유아동 식사지원 및 원아지도 보조","2021-01-01","2021-12-31","25","051-365-2211","2020-12-31"
"남산정종합사회복지관","부산광역시 북구","공익활동","노노케어","취약노인 가구 방문 후 말벗 및 안부확인","2021-01-01","2021-12-31","24","051-342-8206","2020-12-31"
"공창종합사회복지관","부산광역시 북구","공익활동","클린토이사업단","유아동 장난간 살균 및 세척, 놀이방 환경미화","2021-01-01","2021-12-31","50","051-363-2063","2020-12-31"
"당감종합사회복지관","부산광역시 부산진구","공익형","복지시설지원 사업","지역 내 요보호 어르신들을 대상으로 제공되는 무료급식 서비스 및 도시락 배달, 세탁서비스, 노인주간보호 보조, 장애프로그램보조, 복지관 시설 환경정화","2021-01-19","2020-12-31","67","051-896-2320","2020-12-31"
"당감종합사회복지관","부산광역시 부산진구","공익형","지역청결지원 동네한바퀴","부산진구 당감동 주변 공공시설 및 인근지역 환경관리","2021-01-19","2020-12-31","70","051-896-2320","2020-12-31"
"대한노인회부산진구지부","부산광역시 부산진구","공익형","골드강사파견","경로당방문 민요, 건강, 레크레이션 등 제공","2021-01-19","2020-12-31","30","051-865-3240","2020-12-31"
"대한노인회부산진구지부","부산광역시 부산진구","공익형","복지써포터즈","경로당 식사도우미 지원","2021-01-19","2020-12-31","200","051-865-3240","2020-12-31"
"부산진시니어클럽","부산광역시 부산진구","공익형","노노케어","취약노인가정을 방문하여 안부확인, 말벗, 생활상태 점검","2021-01-19","2020-12-31","58","051-893-9060","2020-12-31"
"부산진시니어클럽","부산광역시 부산진구","공익형","시니어순찰대","학교 교통지도 및 환경정화활동","2021-01-19","2020-12-31","377","051-893-9060","2020-12-31"
"부산진시니어클럽","부산광역시 부산진구","공익형","시니어푸드9060","학교 급식도우미","2021-01-19","2020-12-31","164","051-893-9060","2020-12-31"
"부산진시니어클럽","부산광역시 부산진구","공익형","우리동네 체육공원시설관리","공원체육시설 노후 및 파손여부 확인, 인근 환경정화 활동","2021-01-19","2020-12-31","372","051-893-9060","2020-12-31"
"부산진시니어클럽","부산광역시 부산진구","사회서비스형","아이사랑9060","지역아동센터 시설 환경정비, 아동 귀가 및 급식지원","2021-01-19","2020-12-31","100","051-893-9060","2020-12-31"
"부산진시니어클럽","부산광역시 부산진구","사회서비스형","시니어컨설턴트","노인취업을 위한 기업체 발굴, 상담, 동행면접, 이동홍보 등 일련의 활동을 하는 컨설턴트 활동","2021-01-19","2020-12-31","10","051-893-9060","2020-12-31"
"부산진시니어클럽","부산광역시 부산진구","사회서비스형","청춘9060","청소년수련관 시설 환경정비 및 급식지원","2021-01-19","2020-12-31","10","051-893-9060","2020-12-31"
"부산진시니어클럽","부산광역시 부산진구","인력파견형","인력파견","수요처의 요구에 의해 일정 교육을 수료하거나 관련된 업무 능력이 있는 자를 해당 수요처와 연계하는 일자리사업","2021-01-19","2020-12-31","100","051-893-9060","2020-12-31"
"부산진구청","부산광역시 부산진구","공익형","환경지킴이","지역사회 환경개선 활동(불결지 쓰레기 수거활동 등)","2021-01-19","2020-12-31","380","051-605-4324","2020-12-31"
"부산진구노인복지관","부산광역시 부산진구","시장형","삐까번쩍실버세차단","공공기관 및 일반고객들을 대상으로 출장세차","2021-01-19","2020-12-31","12","051-808-8090","2020-12-31"
"부산진구노인복지관","부산광역시 부산진구","시장형","삐까번쩍실버클린사업단","주택, 원룸, 아파트, 사무실등을 대상으로 출장청소","2021-01-19","2020-12-31","16","051-808-8090","2020-12-31"
"다사랑복합문화예술회관","부산광역시 부산진구","공익형","깨끗한 마을만들기, 환경정화 및 환경캠페인 활동 (환경지킴이)","취약노인가정을 방문하여 안부확인, 말벗, 생활상태 점검","2021-01-19","2020-12-31","24","051-891-1743","2020-12-31"
"다사랑복합문화예술회관","부산광역시 부산진구","공익형","노노케어","복지관 내 활동(식당 보조, 도서관 정리, 환경미화 등)","2021-01-19","2020-12-31","61","051-891-1743","2020-12-31"
"다사랑복합문화예술회관","부산광역시 부산진구","공익형","복지시설 업무지원활동 (복지시설도우미)","어린이집, 유치원 파견 교구 및 장난감 등 살균, 소독, 세척 활동 및 보육교사 보조","2021-01-19","2020-12-31","115","051-891-1743","2020-12-31"
"다사랑복합문화예술회관","부산광역시 부산진구","공익형","아동보육시설 교구 및 장난감 소독활동 (보육시설도우미)","깨끗한 마을 만들기(지역사회 환경정화 활동 및 환경 캠페인 활동)","2021-01-19","2020-12-31","100","051-891-1743","2020-12-31"
"부산진구종합사회복지관","부산광역시 부산진구","공익형","해피두드림","취약계층(독거노인,장애인) 대상자들에 대한 물적·정서지지 서비스 제공","2021-01-19","2020-12-31","70","051-893-0035","2020-12-31"
"부산진구종합사회복지관","부산광역시 부산진구","공익형","노노케어","돌봄취약 노인가정을 방문하여 안부확인, 말벗, 생활상태 점검","2021-01-19","2020-12-31","22","051-893-0035","2020-12-31"
"부산진구종합사회복지관","부산광역시 부산진구","공익형","환경지킴이","부산진구 공공시설 주변 환경정리 및 인근지역 환경 관리","2021-01-19","2020-12-31","40","051-893-0035","2020-12-31"
"부산진구종합사회복지관","부산광역시 부산진구","공익형","복지시설관리","복지관, 개금2동행복마을회관, 호천생활문화센터, 온마을돌봄센터 등에 파견되어 환경미화 활동","2021-01-19","2020-12-31","64","051-893-0035","2020-12-31"
"부산진구종합사회복지관","부산광역시 부산진구","공익형","시니어방역단","하수구, 전봇대, 무단투기 지역 등 위생 취약지에 정기적으로 해충 박멸을 위한 소독활동 실시","2021-01-19","2020-12-31","42","051-893-0035","2020-12-31"
"부산진구종합사회복지관","부산광역시 부산진구","공익형","시니어불법촬영감시단","부산진구 내 공중화장실의 불법카메라 설치여부를 점검하고 안전하게 화장실을 이용할 수 있도록 홍보하는 활동","2021-01-19","2020-12-31","16","051-893-0035","2020-12-31"
"당감종합사회복지관","부산광역시 부산진구","공익형","노노케어","취약노인가정을 방문하여 안부확인, 말벗, 생활상태 점검","2021-01-19","2020-12-31","26","051-896-2320","2020-12-31"
"당감종합사회복지관","부산광역시 부산진구","공익형","보육교사 도우미 사업","국·공립 어린이집의 보육서비스 보조 및 청결유지 및 환경개선","2021-01-19","2020-12-31","39","051-896-2320","2020-12-31"
"부산노인복지진흥회","부산광역시 부산진구","공익형","환경지킴봉사단","부산진구 관내 불법광고물 수거 및 서면특화 거리 담배꽁초 및 테이크아웃컵 수거 등","2021-01-19","2020-12-31","10","051-898-3600","2020-12-31"
"부산노인복지진흥회","부산광역시 부산진구","공익형","건강지킴이","보건소 활동으로 금연시설(음식점)지도점검, 금연거리 안내 및 금연사업 홍보 캠페인 활동","2021-01-19","2020-12-31","93","051-898-3600","2020-12-31"
"양정재가노인복지센터","부산광역시 부산진구","공익형","노노케어(행복나르미)","취약노인가정을 방문하여 안부확인, 말벗, 도시락 배달","2021-01-19","2020-12-31","60","051-866-0454","2020-12-31"
"양정재가노인복지센터","부산광역시 부산진구","공익형","보육시설봉사","보육시설(어린이집,유치원) 환경미화","2021-01-19","2020-12-31","70","051-866-0454","2020-12-31"
"양정재가노인복지센터","부산광역시 부산진구","공익형","주정차질서계도","주ㆍ정차 혼잡지역의 질서유지 및 주변 환경개선","2021-01-19","2020-12-31","32","051-866-0454","2020-12-31"
"양정재가노인복지센터","부산광역시 부산진구","공익형","경륜전수활동","보육시설(어린이집,유치원) 강사단 파견 및 인형극 공연","2021-01-19","2020-12-31","20","051-866-0454","2020-12-31"
"양정재가노인복지센터","부산광역시 부산진구","공익형","공공시설봉사","복지시설 및 공공기관 주변 환경정리 활동 및 배식 보조 활동","2021-01-19","2020-12-31","70","051-866-0454","2020-12-31"
"전포종합사회복지관","부산광역시 부산진구","공익형","노노케어","취약노인의 안부확인, 말벗, 생활실태 점검","2021-01-19","2020-12-31","36","051-802-6383","2020-12-31"
"전포종합사회복지관","부산광역시 부산진구","공익형","실버맞춤급식사업","무료급식서비스 및 도시락, 밑반찬 조리지원","2021-01-19","2020-12-31","44","051-802-6383","2020-12-31"
"전포종합사회복지관","부산광역시 부산진구","공익형","복지시설관리지원사업","복지관 내 시설 관리 및 환경미화","2021-01-19","2020-12-31","133","051-802-6383","2020-12-31"
"부산진구노인복지관","부산광역시 부산진구","공익형","노노케어","취약노인가정을 방문하여 안부확인, 말벗, 생활상태 점검","2021-01-19","2020-12-31","140","051-808-8090","2020-12-31"
"부산진구노인복지관","부산광역시 부산진구","공익형","장애인돌봄서비스","장애인가정을 방문하여 밑반찬배달 및 안부확인","2021-01-19","2020-12-31","27","051-808-8090","2020-12-31"
"부산진구노인복지관","부산광역시 부산진구","공익형","어르신강사단","지역아동센터 및 복지관 내 한글교육, 영어교육, 학습지도 지원","2021-01-19","2020-12-31","30","051-808-8090","2020-12-31"
"부산진구노인복지관","부산광역시 부산진구","공익형","인형극교육활동","어린이집 및 유치원에서 효, 성(性)등에 대해 인형극 공연","2021-01-19","2020-12-31","10","051-808-8090","2020-12-31"
"부산진구노인복지관","부산광역시 부산진구","공익형","이용자교통안전","복지관 셔틀버스 승하차 도우미 및 인근 횡단보도 안전지원","2021-01-19","2020-12-31","108","051-808-8090","2020-12-31"
"부산진구노인복지관","부산광역시 부산진구","공익형","복지시설관리지원활동","복지관 및 복지관련기관 내 환경미화, 식당업무, 도시락정리, 실버카페 업무지원","2021-01-19","2020-12-31","100","051-808-8090","2020-12-31"
"부산진구노인복지관","부산광역시 부산진구","공익형","거리환경지킴이","양정, 전포, 부전, 서면일대 거리환경 개선활동","2021-01-19","2020-12-31","103","051-808-8090","2020-12-31"
"부산진구노인복지관","부산광역시 부산진구","공익형","사서도우미지원사업","초·중등학교 및 공공도서관 사서업무지원및 환경정리","2021-01-19","2020-12-31","20","051-808-8090","2020-12-31"
"부산진구노인복지관","부산광역시 부산진구","사회서비스형","노인급식지원사업","복지관 내 급식조리 및 취약노인가정 도시락 배달","2021-01-19","2020-12-31","16","051-808-8090","2020-12-31"
"부산진구노인복지관","부산광역시 부산진구","사회서비스형","노인맞춤돌봄지원단","노인맞춤돌봄서비스 생활지원사 보조","2021-01-19","2020-12-31","20","051-808-8090","2020-12-31"
"부산진시니어클럽","부산광역시 부산진구","시장형","백세식품","두부 및 밑반찬 제작, 판매(공동작업장)","2021-01-19","2020-12-31","20","051-893-9060","2020-12-31"
"부산진시니어클럽","부산광역시 부산진구","시장형","차차차9060크린","방문세차 및 공중화장실청소, 사무실 용역청소관리","2021-01-19","2020-12-31","15","051-893-9060","2020-12-31"
"부산진시니어클럽","부산광역시 부산진구","시장형","학교지킴이 → 교육청 지원","학교 시설물 유지 및 관리","2021-01-19","2020-12-31","12","051-893-9060","2020-12-31"
"부산진시니어클럽","부산광역시 부산진구","사회서비스형","(부울경)소방안전지킴이","주거취약계층 소화기 및 단독 경보형 감지기 설치 지원","2021-01-19","2020-12-31","20","051-893-9060","2020-12-31"
"부산진시니어클럽","부산광역시 부산진구","사회서비스형","경로당 주택수리","경로당 주택 수리(도배, 장판 등)","2021-01-19","2020-12-31","10","051-893-9060","2020-12-31"
"부산진시니어클럽","부산광역시 부산진구","사회서비스형","복지보듬이","독거노인의 세탁서비스, 도시락 포장 및 배달,  경로식당 배식지원 및 환경정화","2021-01-19","2020-12-31","58","051-893-9060","2020-12-31"
"부산진시니어클럽","부산광역시 부산진구","사회서비스형","시니어마을안전지킴이","취약지역 순찰을 통한 지역범죄예방 및 질서유지","2021-01-19","2020-12-31","50","051-893-9060","2020-12-31"
"부산진시니어클럽","부산광역시 부산진구","사회서비스형","노인맞춤돌봄서비스 지원","관내 복지관과 연계하여 노인맞춤돌봄서비스 업무보조","2021-01-19","2020-12-31","30","051-893-9060","2020-12-31"
"부산진시니어클럽","부산광역시 부산진구","공익형","학교방역","부산진구 관내 유치원,초중고 학교 방역(58개소)","2021-01-19","2020-12-31","170","051-893-9060","2020-12-31"
"부산진시니어클럽","부산광역시 부산진구","시장형","노하우9060","나무(목걸이)공예 및 단체복 제작 판매(공동작업장)","2021-01-19","2020-12-31","10","051-893-9060","2020-12-31"
"부산진시니어클럽","부산광역시 부산진구","시장형","다방매점","소규모 매장운영","2021-01-19","2020-12-31","12","051-893-9060","2020-12-31"
"부산진시니어클럽","부산광역시 부산진구","시장형","다방분식","소규모 분식집 운영","2021-01-19","2020-12-31","16","051-893-9060","2020-12-31"
"부산진시니어클럽","부산광역시 부산진구","시장형","맥가이버9060","쇼핑백 제작(공동작업장)","2021-01-19","2020-12-31","126","051-893-9060","2020-12-31"
"부산노인복지진흥회","부산광역시 부산진구","공익형","새싹튼튼구연동화","예로부터 내려오는 이야기를 들려주면서 세대 공감의 지리를 마련 동화구연 전달","2021-01-19","2020-12-31","15","051-898-3600","2020-12-31"
"부산노인복지진흥회","부산광역시 부산진구","공익형","실버강사파견","노인대학 수업 참여 어르신 보조 지도 및 환경미화 활동 지원","2021-01-19","2020-12-31","65","051-898-3600","2020-12-31"
"대한노인회동래구지회","부산광역시 동래구","공익활동형","노인일자리 및 사회활동지원사업","노인일자리 및 사회활동지원","2020-01-01","2020-12-31","662","051-558-2666","2020-12-31"
"동래구노인복지관","부산광역시 동래구","공익활동형","노인일자리 및 사회활동지원사업","노인일자리 및 사회활동지원","2020-01-01","2020-12-31","493","051-554-6252","2020-12-31"
"동래종합사회복지관","부산광역시 동래구","공익활동형","노인일자리 및 사회활동지원사업","노인일자리 및 사회활동지원","2020-01-01","2020-12-31","323","051-531-2460","2020-12-31"
"사직종합사회복지관","부산광역시 동래구","공익활동형","노인일자리 및 사회활동지원사업","노인일자리 및 사회활동지원","2020-01-01","2020-12-31","662","051-506-3415","2020-12-31"
"부산동래시니어클럽","부산광역시 동래구","공익활동형,사회서비스형,  시장형, 취업알선형","노인일자리 및 사회활동지원사업","노인일자리 및 사회활동지원","2020-01-01","2020-12-31","1340","051-522-1262","2020-12-31"
"(사)대한노인회부산동구지회","부산광역시 동구","공익활동형","불법광고물제로활동","지역사회 환경개선 봉사(A-16)","2021-01-01","2021-12-31","29","051-462-1934","2021-01-02"
"(사)대한노인회부산동구지회","부산광역시 동구","공익활동형","경로당지킴이활동","공공의료 및 복지시설 봉사(A-15)","2021-01-01","2021-12-31","64","051-462-1934","2021-01-02"
"사단법인 삼성희망네트워크","부산광역시 동구","공익활동형","동구환경개선사업","지역사회 환경개선 봉사(A-16)","2021-01-01","2021-12-31","71","070-7725-3779","2021-01-02"
"사단법인 삼성희망네트워크","부산광역시 동구","공익활동형","부산포개항가도 이바구길 활성화사업","체험활동 지원(A-22)","2021-01-01","2021-12-31","17","070-7725-3779","2021-01-02"
"사단법인 삼성희망네트워크","부산광역시 동구","사회서비스형","(부울경)찾아가는 정보지킴이","시니어 안전 모니터링(B-13)","2021-01-01","2021-12-31","32","051-961-8851","2021-01-02"
"사단법인 삼성희망네트워크","부산광역시 동구","시장형","실버택배사업","아파트택배(E-07)","2021-01-01","2021-12-31","41","070-7725-3779","2021-01-02"
"사단법인 삼성희망네트워크","부산광역시 동구","시장형","위드스토리 공방","공산품제작 및 판매(E-03)","2021-01-01","2021-12-31","10","070-7725-3779","2021-01-02"
"사단법인 삼성희망네트워크","부산광역시 동구","시장형","알파커피(ALPHA COFFEE)","매장운영(E-04)","2021-01-01","2021-12-31","10","070-7725-3779","2021-01-02"
"부산동구시니어클럽","부산광역시 동구","공익활동형","동구아이보듬이","보육시설 봉사(A-10)","2021-01-01","2021-12-31","70","051-714-6099","2021-01-02"
"부산동구시니어클럽","부산광역시 동구","공익활동형","너나우리지킴이","생활시설이용자 지원(A-06)","2021-01-01","2021-12-31","70","051-714-6099","2021-01-02"
"(사)대한노인회부산동구지회","부산광역시 동구","공익활동형","소통봉사대","공공의료 및 복지시설 봉사(A-15)","2021-01-01","2021-12-31","8","051-462-1934","2021-01-02"
"(사)대한노인회부산동구지회","부산광역시 동구","공익활동형","공공시설지원활동","지역사회 환경개선 봉사(A-16)","2021-01-01","2021-12-31","156","051-462-1934","2021-01-02"
"(사)대한노인회부산동구지회","부산광역시 동구","공익활동형","경로당활성화활동","건강체조 취미생활 지도(A-20)","2021-01-01","2021-12-31","10","051-462-1934","2021-01-02"
"동구자성대노인복지관","부산광역시 동구","사회서비스형","장기요양통합서비스 지원사업(장기요양도우미)","장기요양통합서비스 지원(B-14)","2021-01-01","2021-12-31","10","051-632-7597","2021-01-02"
"동구자성대노인복지관","부산광역시 동구","시장형","스쿨지원단(老풍당당)","기타(E-10)","2021-01-01","2021-12-31","80","051-632-7597","2021-01-02"
"부산동구노인종합복지관","부산광역시 동구","공익활동형","지역아동센터지원활동","지역아동센터 봉사(A-11)","2021-01-01","2021-12-31","80","051-467-7887","2021-01-02"
"부산동구노인종합복지관","부산광역시 동구","공익활동형","도서관사서도우미활동","도서관 봉사(A-12)","2021-01-01","2021-12-31","17","051-467-7887","2021-01-02"
"부산동구노인종합복지관","부산광역시 동구","공익활동형","금연홍보활동","공공의료 및 복지시설 봉사(A-15)","2021-01-01","2021-12-31","15","051-467-7887","2021-01-02"
"부산동구노인종합복지관","부산광역시 동구","공익활동형","실버교육강사파견활동","경륜전수 활동(A-23)","2021-01-01","2021-12-31","34","051-467-7887","2021-01-02"
"부산동구노인종합복지관","부산광역시 동구","공익활동형","노인지킴이활동","노노케어(A-01)","2021-01-01","2021-12-31","154","051-467-7887","2021-01-02"
"부산동구노인종합복지관","부산광역시 동구","공익활동형","공공시설지원활동","공원 놀이터 등 공공시설 봉사(A-13)","2021-01-01","2021-12-31","36","051-467-7887","2021-01-02"
"부산동구시니어클럽","부산광역시 동구","사회서비스형","(부울경)동구애보듬이Ⅲ- 시니어 안전 모니터링","시니어 안전 모니터링(B-13)","2021-01-01","2021-12-31","30","051-714-6099","2021-01-02"
"부산동구시니어클럽","부산광역시 동구","사회서비스형","동구애보듬이Ⅱ- 기타","기타(B-18)","2021-01-01","2021-12-31","68","051-714-6099","2021-01-02"
"부산동구시니어클럽","부산광역시 동구","사회서비스형","동구애보듬이Ⅰ- 노인","노인 관련 시설 지원(B-11)","2021-01-01","2021-12-31","63","051-714-6099","2021-01-02"
"부산동구시니어클럽","부산광역시 동구","시장형","우렁할매","기타(E-10)","2021-01-01","2021-12-31","25","051-714-6099","2021-01-02"
"부산동구시니어클럽","부산광역시 동구","시장형","청춘6099","기타(E-06)-미사용","2021-01-01","2021-12-31","15","051-714-6099","2021-01-02"
"부산동구시니어클럽","부산광역시 동구","시장형","168배틀트립","매장운영(E-04)","2021-01-01","2021-12-31","43","051-714-6099","2021-01-02"
"부산동구시니어클럽","부산광역시 동구","시장형","어묵168 사업단","식품제조 및 판매(E-02)","2021-01-01","2021-12-31","30","051-714-6099","2021-01-02"
"부산동구시니어클럽","부산광역시 동구","시장형","다이나믹6070택배","아파트택배(E-07)","2021-01-01","2021-12-31","60","051-714-6099","2021-01-02"
"부산동구시니어클럽","부산광역시 동구","시장형","화통한할매밥상","식품제조 및 판매(E-02)","2021-01-01","2021-12-31","50","051-714-6099","2021-01-02"
"부산동구시니어클럽","부산광역시 동구","시장형","화통한할매도시락","식품제조 및 판매(E-02)","2021-01-01","2021-12-31","25","051-714-6099","2021-01-02"
"부산동구시니어클럽","부산광역시 동구","시장형","한땀한땀사업단","반제품 제조 및 납품(E-01)","2021-01-01","2021-12-31","30","051-714-6099","2021-01-02"
"부산동구시니어클럽","부산광역시 동구","시장형","하하호호","반제품 제조 및 납품(E-01)","2021-01-01","2021-12-31","35","051-714-6099","2021-01-02"
"부산동구시니어클럽","부산광역시 동구","시장형","이바구자전거","기타(E-10)","2021-01-01","2021-12-31","36","051-714-6099","2021-01-02"
"부산동구노인종합복지관","부산광역시 동구","시장형","영진어묵&공감cafe","매장운영(E-04)","2021-01-01","2021-12-31","15","051-467-7887","2021-01-02"
"부산동구노인종합복지관","부산광역시 동구","시장형","효자손쿠키베이커리","식품제조 및 판매(E-02)","2021-01-01","2021-12-31","14","051-467-7887","2021-01-02"
"부산동구노인종합복지관","부산광역시 동구","시장형","콩마당카페","매장운영(E-04)","2021-01-01","2021-12-31","12","051-467-7887","2021-01-02"
"부산동구노인종합복지관","부산광역시 동구","시장형","168도시락국","매장운영(E-04)","2021-01-01","2021-12-31","16","051-467-7887","2021-01-02"
"부산동구시니어클럽","부산광역시 동구","공익활동형","동구문화지킴이","공원 놀이터 등 공공시설 봉사(A-13)","2021-01-01","2021-12-31","279","051-714-6099","2021-01-02"
"사단법인 삼성희망네트워크","부산광역시 동구","시장형","실버상품인수원","기타(E-10)","2021-01-01","2021-12-31","14","070-7725-3779","2021-01-02"
"사단법인 삼성희망네트워크","부산광역시 동구","시장형","바보국밥","매장운영(E-04)","2021-01-01","2021-12-31","18","070-7725-3779","2021-01-02"
"사단법인 삼성희망네트워크","부산광역시 동구","시장형","시니어온라인피커","기타(E-10)","2021-01-01","2021-12-31","10","070-7725-3779","2021-01-02"
"사단법인 삼성희망네트워크","부산광역시 동구","시장형","GS25편의점","매장운영(E-04)","2021-01-01","2021-12-31","20","070-7725-3779","2021-01-02"
"(사)대한노인회부산동구지회","부산광역시 동구","공익활동형","노노케어활동","노노케어(A-01)","2021-01-01","2021-12-31","130","051-462-1934","2021-01-02"
"동구자성대노인복지관","부산광역시 동구","공익활동형","주거환경개선활동(뚝딱맨)","지역사회 환경개선 봉사(A-16)","2021-01-01","2021-12-31","9","051-632-7597","2021-01-02"
"동구자성대노인복지관","부산광역시 동구","공익활동형","경륜나눔활동","경륜전수 활동(A-23)","2021-01-01","2021-12-31","14","051-632-7597","2021-01-02"
"동구자성대노인복지관","부산광역시 동구","공익활동형","세무서지원활동(세무대장)","공원 놀이터 등 공공시설 봉사(A-13)","2021-01-01","2021-12-31","17","051-632-7597","2021-01-02"
"동구자성대노인복지관","부산광역시 동구","공익활동형","우리동네환경지킴이","지역사회 환경개선 봉사(A-16)","2021-01-01","2021-12-31","68","051-632-7597","2021-01-02"
"동구자성대노인복지관","부산광역시 동구","공익활동형","이바구순찰대","기타(A-19)","2021-01-01","2021-12-31","68","051-632-7597","2021-01-02"
"동구자성대노인복지관","부산광역시 동구","공익활동형","복지서비스지원활동","공공의료 및 복지시설 봉사(A-15)","2021-01-01","2021-12-31","62","051-632-7597","2021-01-02"
"동구자성대노인복지관","부산광역시 동구","공익활동형","고독사예방활동(너나우리지킴이)","생활시설이용자 지원(A-06)","2021-01-01","2021-12-31","29","051-632-7597","2021-01-02"
"동구자성대노인복지관","부산광역시 동구","공익활동형","노노케어지원활동","노노케어(A-01)","2021-01-01","2021-12-31","192","051-632-7597","2021-01-02"
"부산동구노인종합복지관","부산광역시 동구","공익활동형","노노케어활동","노노케어(A-01)","2021-01-01","2021-12-31","90","051-467-7887","2021-01-02"
"부산동구노인종합복지관","부산광역시 동구","공익활동형","이바구순찰대(시니어순찰대)","기타(A-19)","2021-01-01","2021-12-31","10","051-467-7887","2021-01-02"
"부산동구노인종합복지관","부산광역시 동구","공익활동형","주간보호이용자돌봄활동","생활시설이용자 지원(A-06)","2021-01-01","2021-12-31","36","051-467-7887","2021-01-02"
"부산동구노인종합복지관","부산광역시 동구","공익활동형","지하철안전도우미활동","공원 놀이터 등 공공시설 봉사(A-13)","2021-01-01","2021-12-31","128","051-467-7887","2021-01-02"
"부산동구노인종합복지관","부산광역시 동구","사회서비스형","노인맞춤돌봄서비스지원사업","노인맞춤돌봄서비스 지원(B-12)","2021-01-01","2021-12-31","10","051-467-7887","2021-01-02"
"부산동구노인종합복지관","부산광역시 동구","시장형","이바구안내소","기타(E-06)-미사용","2021-01-01","2021-12-31","12","051-467-7887","2021-01-02"
"부산동구노인종합복지관","부산광역시 동구","시장형","625막걸리","매장운영(E-04)","2021-01-01","2021-12-31","12","051-467-7887","2021-01-02"
"용호종합사회복지관","부산광역시 남구","공익","우리학교깔끄미","학교 환경미화","2021-01-01","2021-12-31","165","051-628-6738","2021-01-21"
"부산남구시니어클럽","부산광역시 남구","시장","은빛청춘 크린락서비스사업단","노년층 크린락 사업","2021-01-01","2021-12-31","30","051-623-6090","2021-01-21"
"부산남구시니어클럽","부산광역시 남구","시장","청소용역사업","청소용역","2021-01-01","2021-12-31","41","051-623-6090","2021-01-21"
"부산남구시니어클럽","부산광역시 남구","공익","인력파견사업단취업연계사업","인력을 적재적소에 파견하는 사업","2021-01-01","2021-12-31","400","051-623-6090","2021-01-21"
"감만종합사회복지관","부산광역시 남구","공익","노노케어","노인이 노인을 돌보는 사업","2021-01-01","2021-12-31","50","051-634-3415","2021-01-21"
"감만종합사회복지관","부산광역시 남구","공익","도시환경개선","도시 환경 정비","2021-01-01","2021-12-31","130","051-634-3415","2021-01-21"
"감만종합사회복지관","부산광역시 남구","공익","시설관리운영","시설의 환경 정비 등","2021-01-01","2021-12-31","170","051-634-3415","2021-01-21"
"감만종합사회복지관","부산광역시 남구","공익","환경미화운영","청소 환경미화","2021-01-01","2021-12-31","80","051-634-3415","2021-01-21"
"남구노인복지관","부산광역시 남구","공익","EM환경지킴이단","효소를 활용한 환경미화","2021-01-01","2021-12-31","34","051-628-1294","2021-01-21"
"남구노인복지관","부산광역시 남구","공익","골목놀이터키움단","돌봄 수행","2021-01-01","2021-12-31","12","051-628-1294","2021-01-21"
"남구노인복지관","부산광역시 남구","공익","노노케어","노인이 노인을 돌보는 사업","2021-01-01","2021-12-31","137","051-628-1294","2021-01-21"
"남구노인복지관","부산광역시 남구","공익","다문화가정지원단","취약계층 지원","2021-01-01","2021-12-31","25","051-628-1294","2021-01-21"
"남구노인복지관","부산광역시 남구","공익","보육교사도우미단","보육교사 도우미","2021-01-01","2021-12-31","149","051-628-1294","2021-01-21"
"남구노인복지관","부산광역시 남구","공익","사회복지시설지원단","사회복지시설 업무보조","2021-01-01","2021-12-31","130","051-628-1294","2021-01-21"
"남구노인복지관","부산광역시 남구","공익","은빛강사단","재능기부","2021-01-01","2021-12-31","20","051-628-1294","2021-01-21"
"남구종합사회복지관","부산광역시 남구","공익","공공의료기관 및 복지시설관리지원사업","공공의료기관 업무보조","2021-01-01","2021-12-31","152","051-715-8865","2021-01-21"
"남구종합사회복지관","부산광역시 남구","공익","노노케어","노인이 노인을 돌보는 사업","2021-01-01","2021-12-31","120","051-715-8865","2021-01-21"
"남구종합사회복지관","부산광역시 남구","공익","도서관관리지원사업","도서관 업무보조","2021-01-01","2021-12-31","56","051-715-8865","2021-01-21"
"남구종합사회복지관","부산광역시 남구","공익","생활시설이용자돌봄지원사업","생활시설이용자 돌봄","2021-01-01","2021-12-31","46","051-715-8865","2021-01-21"
"남구종합사회복지관","부산광역시 남구","공익","숲생태해설단","숲생태해설 등","2021-01-01","2021-12-31","8","051-715-8865","2021-01-21"
"남구종합사회복지관","부산광역시 남구","공익","지역아동센터연계지원사업","지역 아동센터 연계 지원사업","2021-01-01","2021-12-31","136","051-715-8865","2021-01-21"
"대한노인회부산남구지회","부산광역시 남구","공익","2020년 공원 생활안전수칙 계도사업","공원생활 안전 지킴이 활동","2021-01-01","2021-12-31","41","051-622-7267","2021-01-21"
"대한노인회부산남구지회","부산광역시 남구","공익","노인시설서비스사업단","시설 관련 보조업무 수행","2021-01-01","2021-12-31","300","051-622-7267","2021-01-21"
"용호종합사회복지관","부산광역시 남구","공익","노노케어(11개월)","노인이 노인을 돌보는 사업","2021-01-01","2021-12-31","130","051-628-6738","2021-01-21"
"용호종합사회복지관","부산광역시 남구","공익","시설관리도우미(시설다누비)","시설관리 및 업무 보조","2021-01-01","2021-12-31","49","051-628-6738","2021-01-21"
"용호종합사회복지관","부산광역시 남구","공익","실버안전순찰대","실버안전 순찰","2021-01-01","2021-12-31","85","051-628-6738","2021-01-21"
"부산남구시니어클럽","부산광역시 남구","공익","공원관리사업단","공공유휴시설에 대한 노인공동작업장 운영","2021-01-01","2021-12-31","145","051-623-6090","2021-01-21"
"부산남구시니어클럽","부산광역시 남구","공익","교통안전도우미봉사단","교통안전도움","2021-01-01","2021-12-31","102","051-623-6090","2021-01-21"
"부산남구시니어클럽","부산광역시 남구","공익","스쿨존교통지원사업단","학교주변 교통안전","2021-01-01","2021-12-31","88","051-623-6090","2021-01-21"
"부산남구시니어클럽","부산광역시 남구","공익","실버환경지킴이사업","원룸, 빌라 등 계단청소 활동 및 공동화장실 청소","2021-01-01","2021-12-31","160","051-623-6090","2021-01-21"
"부산남구시니어클럽","부산광역시 남구","공익","장애인주차구역계도사업","장애인주차구연계도","2021-01-01","2021-12-31","35","051-623-6090","2021-01-21"
"부산남구시니어클럽","부산광역시 남구","공익","주정차질서계도지원사업(지역문화재지원활동)","관내 주정차 질서계도","2021-01-01","2021-12-31","149","051-623-6090","2021-01-21"
"부산남구시니어클럽","부산광역시 남구","공익","스쿨존안전지킴이사업단","스쿨존 교통안전","2021-01-01","2021-12-31","143","051-623-6090","2021-01-21"
"부산남구시니어클럽","부산광역시 남구","공익","급식도우미지원사업","급식도우미 역할","2021-01-01","2021-12-31","122","051-623-6090","2021-01-21"
"부산남구시니어클럽","부산광역시 남구","사회서비스","시니어컨설턴트","시니어 컨설턴트","2021-01-01","2021-12-31","10","051-623-6090","2021-01-21"
"부산남구시니어클럽","부산광역시 남구","사회서비스","경로당환경개선사업","지역사회 경로당 청소 등","2021-01-01","2021-12-31","10","051-623-6090","2021-01-21"
"부산남구시니어클럽","부산광역시 남구","사회서비스","교육지원서비스사업단","교육현장 사무보조","2021-01-01","2021-12-31","190","051-623-6090","2021-01-21"
"부산남구시니어클럽","부산광역시 남구","사회서비스","노인서비스지원(모도리사업단) *사회복지시설서비스지원사업(명칭 변경)","시장형 사업단","2021-01-01","2021-12-31","69","051-623-6090","2021-01-21"
"부산남구시니어클럽","부산광역시 남구","사회서비스","소방안전사업단","소방안전 사업단","2021-01-01","2021-12-31","20","051-623-6090","2021-01-21"
"부산남구시니어클럽","부산광역시 남구","사회서비스","시니어 안심생활지원단","시니어 지역사회 안전 지킴이","2021-01-01","2021-12-31","40","051-623-6090","2021-01-21"
"부산남구시니어클럽","부산광역시 남구","사회서비스","시니어마을안전지킴이사업단","지역 내 마을안전 지킴이 경찰연계","2021-01-01","2021-12-31","50","051-623-6090","2021-01-21"
"부산남구시니어클럽","부산광역시 남구","시장","사랑채공방사업단(공동 1작업장)","공공유휴시설에 대한 노인공동작업","2021-01-01","2021-12-31","83","051-623-6090","2021-01-21"
"부산남구시니어클럽","부산광역시 남구","시장","깔끄미지원사업단","지역사회 공동화장실 등 청소","2021-01-01","2021-12-31","24","051-623-6090","2021-01-21"
"부산남구시니어클럽","부산광역시 남구","시장","스팀세차사업단","세차사업","2021-01-01","2021-12-31","12","051-623-6090","2021-01-21"
"부산남구시니어클럽","부산광역시 남구","시장","실버택배사업단","택배사업","2021-01-01","2021-12-31","30","051-623-6090","2021-01-21"
"부산남구시니어클럽","부산광역시 남구","시장","알뜰카페&알뜰가게 사업 *Caf?-in 카페인","카페 운영 등","2021-01-01","2021-12-31","30","051-623-6090","2021-01-21"
"대한노인회기장군지회","부산광역시 기장군","공익활동","경로당환경정화활동사업","관내 경로당 청소 사업","2021-01-01","2021-12-31","300","051-722-5610","2020-12-31"
"정관노인복지관","부산광역시 기장군","공익활동","공공시설봉사활동 등","정관읍 소재 도서관 등의 공공시설 내외부 청소사업 등","2021-01-01","2021-12-31","160","051-792-4974","2020-12-31"
"부산기장시니어클럽","부산광역시 기장군","공익활동, 사회서비스, 시장형","공공시설봉사활동 등","관내 공공시설 봉사활동 사업 등","2021-01-01","2021-12-31","1642","051-722-2170","2020-12-31"
"금정시니어클럽","부산광역시 금정구","사회 서비스형","시니어안심생활방역사업","방역활동","2021-01-01","2021-12-31","15","051-516-3045","2021-01-07"
"금정시니어클럽","부산광역시 금정구","사회 서비스형","안전보건교육모니터링사업","참여자안전사고예방 교육 및 모니터링","2021-01-01","2021-12-31","10","051-516-3045","2021-01-07"
"금정시니어클럽","부산광역시 금정구","사회 서비스형","청소년 복지시설 돌봄지원 사업","복지시설 관리","2021-01-01","2021-12-31","10","051-516-3045","2021-01-07"
"금정시니어클럽","부산광역시 금정구","사회 서비스형","시니어컨설턴트","노인일자리취업알선 및 취업상담·생애설계","2021-01-01","2021-12-31","10","051-516-3045","2021-01-07"
"금정시니어클럽","부산광역시 금정구","사회 서비스형","예비(사업명미정)","-","2021-01-01","2021-12-31","9","051-516-3045","2021-01-07"
"남광종합사회복지관","부산광역시 금정구","공익활동","도시공원 환경정비","관내 공원 정비","2021-01-01","2021-12-31","40","051-508-1997","2021-01-07"
"남광종합사회복지관","부산광역시 금정구","공익활동","찾아가는마실단","취약노인 말벗 등","2021-01-01","2021-12-31","160","051-508-1997","2021-01-07"
"남광종합사회복지관","부산광역시 금정구","공익활동","실버그린","복지시설 관리","2021-01-01","2021-12-31","34","051-508-1997","2021-01-07"
"남광종합사회복지관","부산광역시 금정구","공익활동","실버 길잡이","노포역 근처길안내","2021-01-01","2021-12-31","40","051-508-1997","2021-01-07"
"남광종합사회복지관","부산광역시 금정구","공익활동","실버대장금","취약계층밑반찬지원","2021-01-01","2021-12-31","12","051-508-1997","2021-01-07"
"금정구종합사회복지관","부산광역시 금정구","사회 서비스형","노인맞춤돌봄서비스지원사업","생활관리사 업무보조","2021-01-01","2021-12-31","36","051-532-0115","2021-01-07"
"금정시니어클럽","부산광역시 금정구","공익활동","실버환경 지킴이사업","구서1-2,남산, 청룡, 선두구동 환경정비","2021-01-01","2021-12-31","160","051-516-3045","2021-01-07"
"금정시니어클럽","부산광역시 금정구","공익활동","꿈그린인형극단","인형극 공연","2021-01-01","2021-12-31","40","051-516-3045","2021-01-07"
"금정시니어클럽","부산광역시 금정구","공익활동","금정체육공원관리사업","시설 관리","2021-01-01","2021-12-31","100","051-516-3045","2021-01-07"
"금정시니어클럽","부산광역시 금정구","공익활동","아이지킴이사업","학교급식도우미","2021-01-01","2021-12-31","90","051-516-3045","2021-01-07"
"금정시니어클럽","부산광역시 금정구","공익활동","영락공원 관리사업","시설 관리","2021-01-01","2021-12-31","200","051-516-3045","2021-01-07"
"금정시니어클럽","부산광역시 금정구","공익활동","영락공원이용도우미사업","영락공원안내","2021-01-01","2021-12-31","100","051-516-3045","2021-01-07"
"금정시니어클럽","부산광역시 금정구","공익활동","금정시니어순찰대","순찰 활동","2021-01-01","2021-12-31","100","051-516-3045","2021-01-07"
"금정시니어클럽","부산광역시 금정구","공익활동","회동마루도우미사업","회동수원지일대 환경미화,안내 등","2021-01-01","2021-12-31","85","051-516-3045","2021-01-07"
"금정시니어클럽","부산광역시 금정구","공익활동","해피시니어도우미사업","시니어체험관리 F22:F24보조","2021-01-01","2021-12-31","55","051-516-3045","2021-01-07"
"금정시니어클럽","부산광역시 금정구","공익활동","우리동네건강지킴이사업","공공장소 금연계도","2021-01-01","2021-12-31","60","051-516-3045","2021-01-07"
"금정시니어클럽","부산광역시 금정구","공익활동","9988 건강지킴이 사업","체력인증센터 업무보조 등","2021-01-01","2021-12-31","60","051-516-3045","2021-01-07"
"금정시니어클럽","부산광역시 금정구","공익활동","예비(사업명 미정)","-","2021-01-01","2021-12-31","72","051-516-3045","2021-01-07"
"금정시니어클럽","부산광역시 금정구","시장형","체험마을조성사업","체험학습장 조성","2021-01-01","2021-12-31","55","051-516-3045","2021-01-07"
"금정시니어클럽","부산광역시 금정구","시장형","무꼬가게사업","매장운영","2021-01-01","2021-12-31","46","051-516-3045","2021-01-07"
"금정시니어클럽","부산광역시 금정구","시장형","착한할매밥집사업","매장운영","2021-01-01","2021-12-31","46","051-516-3045","2021-01-07"
"금정시니어클럽","부산광역시 금정구","시장형","풍년떡방앗간사업","떡제조, 판매","2021-01-01","2021-12-31","25","051-516-3045","2021-01-07"
"금정시니어클럽","부산광역시 금정구","시장형","향기롭게 마시고 가게","카페 운영","2021-01-01","2021-12-31","36","051-516-3045","2021-01-07"
"금정시니어클럽","부산광역시 금정구","시장형","예비(사업명 미정)","-","2021-01-01","2021-12-31","31","051-516-3045","2021-01-07"
"금정시니어클럽","부산광역시 금정구","사회 서비스형","소방안전지킴이사업","소방시설점검 및 설치","2021-01-01","2021-12-31","25","051-516-3045","2021-01-07"
"금정시니어클럽","부산광역시 금정구","사회 서비스형","시니어북딜리버리","도서배달서비스","2021-01-01","2021-12-31","40","051-516-3045","2021-01-07"
"금정구노인복지관","부산광역시 금정구","공익활동","홍보물관리도우미","금정소식지 관리","2021-01-01","2021-12-31","10","051-792-7200","2021-01-07"
"금정구노인복지관","부산광역시 금정구","공익활동","노노케어","취약노인 말벗 등","2021-01-01","2021-12-31","50","051-792-7200","2021-01-07"
"금정구노인복지관","부산광역시 금정구","공익활동","도서관관리지원사업","도서관 관리","2021-01-01","2021-12-31","20","051-792-7200","2021-01-07"
"금정구노인복지관","부산광역시 금정구","공익활동","공공시설환경개선사업","시설 관리","2021-01-01","2021-12-31","98","051-792-7200","2021-01-07"
"금정구노인복지관","부산광역시 금정구","공익활동","보육도우미사업","보육시설 봉사","2021-01-01","2021-12-31","57","051-792-7200","2021-01-07"
"금정구노인복지관","부산광역시 금정구","사회 서비스형","지역아동센터 지원사업","지역아동센터봉사","2021-01-01","2021-12-31","30","051-792-7200","2021-01-07"
"금정구종합사회복지관","부산광역시 금정구","공익활동","노노케어","취약노인 말벗 등","2021-01-01","2021-12-31","90","051-532-0115","2021-01-07"
"금정구종합사회복지관","부산광역시 금정구","공익활동","식사배달지원사업","취약노인식사배달","2021-01-01","2021-12-31","22","051-532-0115","2021-01-07"
"금정구종합사회복지관","부산광역시 금정구","공익활동","복지시설관리지원사업","복지시설 관리","2021-01-01","2021-12-31","30","051-532-0115","2021-01-07"
"금정구종합사회복지관","부산광역시 금정구","공익활동","공공시설관리지원사업","공공시설 관리","2021-01-01","2021-12-31","104","051-532-0115","2021-01-07"
"남광종합사회복지관","부산광역시 금정구","공익활동","요산문학관도우미","시설 관리","2021-01-01","2021-12-31","10","051-508-1997","2021-01-07"
"남광종합사회복지관","부산광역시 금정구","공익활동","숲사랑","지역환경개선사업","2021-01-01","2021-12-31","34","051-508-1997","2021-01-07"
"남광종합사회복지관","부산광역시 금정구","공익활동","실버아이사랑","스쿨존지원사업","2021-01-01","2021-12-31","89","051-508-1997","2021-01-07"
"남광종합사회복지관","부산광역시 금정구","사회 서비스형","실버사랑나눔(노인복지시설)","취약시설 업무보조","2021-01-01","2021-12-31","12","051-508-1997","2021-01-07"
"남광종합사회복지관","부산광역시 금정구","사회 서비스형","실버사랑나눔(지역아동센터)","지역아동센터 봉사","2021-01-01","2021-12-31","23","051-508-1997","2021-01-07"
"남광종합사회복지관","부산광역시 금정구","사회 서비스형","실버사랑나눔(노인맞춤돌봄서비스 지원사업)","생활관리사 업무보조 등","2021-01-01","2021-12-31","35","051-508-1997","2021-01-07"
"대한노인회 부산금정구지회","부산광역시 금정구","공익활동","실버환경지킴이","장전, 부곡동 환경정비","2021-01-01","2021-12-31","85","051-582-5484","2021-01-07"
"대한노인회 부산금정구지회","부산광역시 금정구","공익활동","노노케어","취약노인말벗 등","2021-01-01","2021-12-31","70","051-582-5484","2021-01-07"
"대한노인회 부산금정구지회","부산광역시 금정구","공익활동","지하철안전도우미사업","지하철 안전계도","2021-01-01","2021-12-31","90","051-582-5484","2021-01-07"
"대한노인회 부산금정구지회","부산광역시 금정구","공익활동","실버강사파견사업","강사 파견","2021-01-01","2021-12-31","45","051-582-5484","2021-01-07"
"부산강서시니어클럽","부산광역시 강서구","사회서비스형","시니어안전모니터링","시니어안전모니터링","2021-03-01","2021-12-31","70","051-973-1167","2020-12-31"
"부산강서시니어클럽","부산광역시 강서구","사회서비스형","시니어 공항서포터즈 사업","시니어 공항서포터즈 사업","2021-01-01","2021-12-31","100","051-973-1167","2020-12-31"
"부산강서시니어클럽","부산광역시 강서구","시장형","구포국수","구포국수","2021-01-04","2021-12-31","20","051-973-1167","2020-12-31"
"부산강서시니어클럽","부산광역시 강서구","시장형","공동작업장운영사업(제2작업장)","공동작업장운영사업(제2작업장)","2021-01-01","2021-12-31","20","051-973-1167","2020-12-31"
"부산강서시니어클럽","부산광역시 강서구","시장형","식품제조 및 판매사업(청춘 도시락)","식품제조 및 판매사업(청춘 도시락)","2021-01-04","2021-12-31","20","051-973-1167","2020-12-31"
"부산강서시니어클럽","부산광역시 강서구","시장형","청정 다시팩","청정 다시팩","2021-01-01","2021-12-31","10","051-973-1167","2020-12-31"
"부산강서시니어클럽","부산광역시 강서구","시장형","아파트택배사업","아파트택배사업","2021-01-04","2021-12-31","20","051-973-1167","2020-12-31"
"부산강서시니어클럽","부산광역시 강서구","시장형","정드리에 더치사업","정드리에 더치사업","2021-01-01","2021-12-31","10","051-973-1167","2020-12-31"
"부산강서시니어클럽","부산광역시 강서구","시장형","공동작업장운영사업(1작업장)","공동작업장운영사업(1작업장)","2021-01-04","2021-12-31","25","051-973-1167","2020-12-31"
"부산강서시니어클럽","부산광역시 강서구","시장형","카페뜨락","카페뜨락","2021-01-01","2021-12-31","16","051-973-1167","2020-12-31"
"부산강서시니어클럽","부산광역시 강서구","시장형","소규모수선지원사업","소규모수선지원사업","2021-01-04","2021-12-31","14","051-973-1167","2020-12-31"
"부산강서시니어클럽","부산광역시 강서구","시장형","낙동 조미김","낙동 조미김","2021-01-01","2021-12-31","20","051-973-1167","2020-12-31"
"부산강서시니어클럽","부산광역시 강서구","시장형","가덕도 북카페","가덕도 북카페","2021-01-01","2021-12-31","25","051-973-1167","2020-12-31"
"낙동종합사회복지관","부산광역시 강서구","공익활동형","복지시설 및 경로당","복지시설 및 경로당","2021-01-01","2021-11-30","65","051-271-0561","2020-12-31"
"낙동종합사회복지관","부산광역시 강서구","공익활동형","노노케어","노노케어","2021-01-01","2021-11-30","27","051-271-0561","2020-12-31"
"낙동종합사회복지관","부산광역시 강서구","공익활동형","지역환경개선","지역환경개선","2021-01-01","2021-11-30","55","051-271-0561","2020-12-31"
"부산강서구종합사회복지관","부산광역시 강서구","공익활동형","취약계층지원활동","취약계층지원활동","2021-01-04","2021-11-30","20","051-972-4591","2020-12-31"
"부산강서구종합사회복지관","부산광역시 강서구","공익활동형","복지시설봉사활동","복지시설봉사활동","2021-01-04","2021-11-30","80","051-972-4591","2020-12-31"
"부산강서구종합사회복지관","부산광역시 강서구","공익활동형","대중교통질서봉사활동","대중교통질서봉사활동","2021-01-04","2021-11-30","36","051-972-4591","2020-12-31"
"부산강서구종합사회복지관","부산광역시 강서구","공익활동형","노노케어","노노케어","2021-01-04","2021-11-30","24","051-972-4591","2020-12-31"
"부산강서노인종합복지관","부산광역시 강서구","공익활동형","지역사회환경개선","지역사회환경개선","2021-01-04","2021-11-30","110","051-972-4851","2020-12-31"
"부산강서노인종합복지관","부산광역시 강서구","공익활동형","노노케어","노노케어","2021-01-04","2021-11-30","40","051-972-4851","2020-12-31"
"부산강서노인종합복지관","부산광역시 강서구","공익활동형","복지시설봉사","복지시설봉사","2021-01-04","2021-11-30","130","051-972-4851","2020-12-31"
"부산강서노인종합복지관","부산광역시 강서구","공익활동형","가덕도지킴이","가덕도지킴이","2021-01-04","2021-11-30","150","051-972-4851","2020-12-31"
"부산강서시니어클럽","부산광역시 강서구","공익활동형","스쿨존안전지킴이","스쿨존안전지킴이","2021-01-04","2021-11-30","40","051-973-1167","2020-12-31"
"부산강서시니어클럽","부산광역시 강서구","공익활동형","지역상생활동(실버배식도우미)","지역상생활동(실버배식도우미)","2021-02-01","2021-12-31","70","051-973-1167","2020-12-31"
"부산강서시니어클럽","부산광역시 강서구","공익활동형","스쿨존","스쿨존","2021-01-04","2021-11-30","180","051-973-1167","2020-12-31"
"부산강서시니어클럽","부산광역시 강서구","공익활동형","복지시설봉사","복지시설봉사","2021-01-04","2021-11-30","220","051-973-1167","2020-12-31"
"부산강서시니어클럽","부산광역시 강서구","공익활동형","지역환경개선","지역환경개선","2021-01-04","2021-11-30","272","051-973-1167","2020-12-31"
"부산강서시니어클럽","부산광역시 강서구","공익활동형","문화재 시설 봉사","문화재 시설 봉사","2021-01-04","2021-11-30","20","051-973-1167","2020-12-31"
"부산강서시니어클럽","부산광역시 강서구","공익활동형","노노케어","노노케어","2021-01-04","2021-11-30","50","051-973-1167","2020-12-31"
"부산강서시니어클럽","부산광역시 강서구","사회서비스형","시니어컨설턴트사업","시니어컨설턴트사업","2021-03-01","2021-12-31","15","051-973-1167","2020-12-31"
"부산강서시니어클럽","부산광역시 강서구","사회서비스형","시니어 시설안전관리","시니어 시설안전관리","2021-03-02","2021-12-31","59","051-973-1167","2020-12-31"
"부산강서시니어클럽","부산광역시 강서구","사회서비스형","노인관련 시설지원사업","노인관련 시설지원사업","2021-03-01","2021-12-31","35","051-973-1167","2020-12-31"
